Date,strategy_equity_net,benchmark_equity,strategy_ret_net,turnover
2021-06-18,0.9797501760694813,0.6332731477714829,0.0013781202122639684,0.0663190520133396
2021-06-21,0.9971556978183861,0.6446212540255613,0.01776526524213699,0.044983096747505946
2021-06-22,0.9961393666108709,0.6439815009010477,-0.0010192302062143152,0.06388982390948578
2021-06-23,1.000663645131179,0.6467151586155941,0.004541812794429449,0.007662100526143911
2021-06-24,1.0018844513919691,0.6474416423433759,0.0012199966159758336,0.000452003966204817
2021-06-25,1.00814322713726,0.6513870414988935,0.006247003570716244,0.002672948349411619
2021-06-28,0.997742623201317,0.6450620666247242,-0.010316593571209695,0.04764918730551676
2021-06-29,0.998898537396221,0.6456717790348874,0.0011585294323651842,0.04264910205226896
2021-06-30,1.00044344413355,0.6467851020512716,0.0015466102707047413,0.008949661760904282
2021-07-01,1.0107020192220362,0.6531894507623452,0.010254027999924377,0.038955676041496745
2021-07-02,1.018112021666068,0.6579637079747385,0.007331540160309093,0.014367794666470757
2021-07-06,1.0064918746326834,0.6507098594751884,-0.011413426799900765,0.05981440844487773
2021-07-07,0.9916670229370294,0.6408634853041648,-0.0147292313721503,0.0545792648517629
2021-07-08,1.002119515684127,0.648130020986919,0.010540325033840819,0.016622805077588898
2021-07-09,1.0133110127988603,0.6563403707853176,0.011167826730819782,0.7698083130191413
2021-07-12,1.0104654350025872,0.6548482764742135,-0.0028081978388976208,0.0021557922780008343
2021-07-13,1.0269665070994909,0.6622650053221566,0.016330169766629873,0.0011530747844475386
2021-07-14,0.9986128379067853,0.6524452333906424,-0.027609146935849017,0.004473926649621263
2021-07-15,0.9841373641996718,0.6461936015581934,-0.014495581428189854,0.006699519102286056
2021-07-16,0.9851221520481034,0.6445426780301822,0.001000660968941456,0.0012361100143237769
2021-07-19,0.9197040269592495,0.6162574684147557,-0.06640610502245567,0.0014822625045091131
2021-07-20,0.933468424579351,0.6221376049590343,0.014966116507731038,5.911296686589296e-06
2021-07-21,0.9688488055170975,0.6370875194100509,0.03790206503630798,0.0033599031450808337
2021-07-22,0.985998018960593,0.6455747583573717,0.017700608542674023,1.3086215463666282
2021-07-23,0.9861852203697751,0.6476894544682749,0.00018985982282147758,0.0009486715569059223
2021-07-26,0.9864147554094064,0.6494078045115856,0.00023275043560800355,0.0007337309299189632
2021-07-27,0.9860886502035914,0.6479946708211759,-0.00033059643930368946,0.0045211582169642495
2021-07-28,0.9902820550597543,0.6502891649361463,0.004252563758133768,0.0007358425272896152
2021-07-29,1.003877531457478,0.6607864488088232,0.013728893024223556,0.007675494664616367
2021-07-30,0.9989293843140279,0.6593623002356913,-0.004929034656514404,0.0036291711245459435
2021-08-02,0.9881821336304389,0.6464735840101905,-0.010758769190646186,0.015984463893381845
2021-08-03,0.9853574281797819,0.6432839926015611,-0.002858486664072139,0.006154732115146472
2021-08-04,0.9744648178658992,0.6292557145678744,-0.011054476276699107,0.009760968240173723
2021-08-05,0.9778185225248439,0.635995043639341,0.0034415861891138803,0.0006942789790215509
2021-08-06,0.9579035675031617,0.6260728512658911,-0.020366718939072045,0.10967923365683338
2021-08-09,0.9400191622107409,0.6140174739499142,-0.018670360878848928,0.044940916250954255
2021-08-10,0.9491174796720147,0.6234940144460244,0.009678863822176035,0.007961508457644262
2021-08-11,0.9613498229080594,0.6312098905735831,0.01288812343891488,0.025741839173772596
2021-08-12,0.9596556884571494,0.6293702343840617,-0.0017622455536374167,0.004052292113616851
2021-08-13,0.9607646990762084,0.626501828958066,0.0011556338720214352,1.1513924795490573
2021-08-16,0.9531263577631484,0.6242217444494998,-0.007950272653027887,4.892398021766331e-05
2021-08-17,0.945050439535953,0.620379836999831,-0.00847308246321962,0.003037915383402756
2021-08-18,0.9233595704188564,0.6110396021902657,-0.022952075582068934,0.01288981541444828
2021-08-19,0.9111881490761704,0.6050670433955306,-0.013181670210192082,0.004730088232301699
2021-08-20,0.8847161067805289,0.5934464502978344,-0.029052224090579747,0.0011155593431121935
2021-08-23,0.9340030669900548,0.6179003005242555,0.055709351092160506,0.01159017071015972
2021-08-24,0.9649530965059723,0.6314539265715081,0.03313696775713812,0.002303348293691332
2021-08-25,0.9746916054061663,0.6342367027960721,0.010092209595944621,0.0020005536233616006
2021-08-26,0.9671212763356529,0.6311987040161898,-0.007766896758445654,0.00012078442142088308
2021-08-27,0.9812952983010855,0.6405246879476066,0.01465588888617645,0.000996792672389335
2021-08-30,0.9869974405673837,0.6419480983660283,0.005810832148253803,0.00010151537769836905
2021-08-31,0.9793935048303567,0.6390824126709888,-0.007704108870490834,3.507790773737973e-06
2021-09-01,0.9764254038126592,0.637809323333032,-0.0030305500322994152,0.0013125595405054091
2021-09-02,0.9970365691939814,0.6462229872118797,0.02110879674047978,0.001839101176611846
2021-09-03,0.992526329962824,0.6465705664653789,-0.0045236447393335755,0.0012177184061644142
2021-09-07,0.9791199924747874,0.6365329436155456,-0.013507286490363151,0.0018847969144996646
2021-09-08,0.992346072563563,0.6417247069364359,0.013508129943650582,0.003527155093457024
2021-09-09,0.9743397348287286,0.6349135935284872,-0.018145219931508284,0.005454610963234963
2021-09-10,0.9955209606901737,0.6430457055199379,0.021739055797789536,0.001787956201973584
2021-09-13,1.0084721261739147,0.6493439231376662,0.01300943525564968,0.0025677873228309722
2021-09-14,1.00596013511515,0.6496563797785033,-0.0024908879418364333,0.0005584011156491431
2021-09-15,1.0331185337108166,0.6600833643348402,0.026997489908045007,0.0016228413286172305
2021-09-16,1.0342711688910724,0.6555914565305961,0.001115685318426922,0.0067018540566298745
2021-09-17,1.0283047035157005,0.6527219848535621,-0.005768763120187449,0.0012640373691201745
2021-09-20,1.014415669304892,0.6483979178947941,-0.013506730216562143,0.0011483925701895048
2021-09-21,1.014997769227014,0.6500860678183197,0.0005738278101726269,0.00015458159464870613
2021-09-22,1.0333419491207494,0.6571098583199976,0.018073123360365283,0.00021671840637338402
2021-09-23,1.051684275417828,0.6623578162695593,0.01775049035092968,0.002099456480722406
2021-09-24,1.061406822320552,0.6661564250980216,0.009244739253005715,0.0034529216832190346
2021-09-27,1.0832542842099182,0.6757632445705364,0.02058349487673471,0.0035212862729874783
2021-09-28,1.071488252758875,0.6686907525345706,-0.010861744673020004,0.006352684844873169
2021-09-29,1.0704100959598553,0.6672376682095514,-0.0010062236298378111,0.002117105175169942
2021-09-30,1.0765277272340932,0.6737750583138034,0.005715221948418058,0.001964132107711958
2021-10-01,1.0902089474690422,0.6799925429466522,0.012708655698167601,0.0005640461861873836
2021-10-04,1.1168937070605094,0.6921468133798034,0.02447673875124269,0.009797524804803726
2021-10-05,1.1397723843658745,0.7005287270269338,0.02048420289302038,0.008783191010138303
2021-10-06,1.1103777307705838,0.689107435186465,-0.025789933146735076,0.003563665702195684
2021-10-07,1.1341187284856211,0.697728733560812,0.02138101031489665,0.011217829489256204
2021-10-08,1.1352153494336372,0.6982900261232992,0.000966936635885003,0.002424429945558304
2021-10-11,1.149520575028448,0.7037194468649516,0.01260133207496517,0.0012018156849118444
2021-10-12,1.1474833679291494,0.7039534866634692,-0.001772223258594732,0.003278823584867807
2021-10-13,1.1474469014205038,0.7081244168522142,-3.177955312026721e-05,0.006526220366423974
2021-10-14,1.1600919606180065,0.7139071752971229,0.01102016937066834,9.616214743535245e-05
2021-10-15,1.1680130057362574,0.7133733117327289,0.006827945875972742,0.005816159880137284
2021-10-18,1.1616009838960468,0.7101843415709206,-0.0054896835983164515,0.013626924350101433
2021-10-19,1.172039274860767,0.7152049456142857,0.008986124417448208,0.0032059421557296686
2021-10-20,1.184953956557255,0.7225420734028669,0.011018983726481593,0.0012726271647509058
2021-10-21,1.170381106842825,0.7164020914081101,-0.012298241323038219,0.0018296514701537925
2021-10-22,1.1827268620202671,0.7229003060073232,0.010548491517216773,0.0011737470754946688
2021-10-25,1.1806703303687924,0.7237359107691514,-0.0017388052284208067,0.0024866511513924605
2021-10-26,1.1919669319019632,0.7265680880290584,0.009567955798162662,0.007602000647429552
2021-10-27,1.1604510731297837,0.7143965290641927,-0.02644021233197397,0.00018999467840252748
2021-10-28,1.1692098119595091,0.7179368693378371,0.007547701951882099,0.001495615960882657
2021-10-29,1.1653560968925556,0.7143219568261611,-0.0032959995952265187,0.0016497548080020574
2021-11-01,1.1749929605338267,0.7195025326995295,0.008269458294308479,0.008335658528579704
2021-11-02,1.1749928676815975,0.7189871288784629,-7.902364726930511e-08,7.902364726930511e-05
2021-11-03,1.1293276328120456,0.6983783704305387,-0.038864265584568874,0.015586983024780787
2021-11-04,1.1211138730457972,0.6976335745985451,-0.007273141582302426,0.002537899486627193
2021-11-05,1.152132064960938,0.7135413450604595,0.02766729826549353,0.012741596586533899
2021-11-08,1.163927791173566,0.7192638787064835,0.010238171969485102,0.001940449089274876
2021-11-09,1.1812742548570576,0.7275938893621191,0.014903384741764293,0.0010089381782474316
2021-11-10,1.1490061932111981,0.7169758847988292,-0.02731631669206588,0.006019213936015011
2021-11-11,1.1472033984637742,0.7175637504002701,-0.0015690035076187077,0.0006955781635767933
2021-11-12,1.1403237102938684,0.7156865536884672,-0.005996921016027794,1.1172045522448002
2021-11-15,1.139617434883541,0.7155914473509718,-0.0006193639612609705,0.0018579353491738615
2021-11-16,1.1368281830245872,0.7156231271189636,-0.0024475335086802954,0.03320650766228059
2021-11-17,1.1309664543361422,0.7072631716776379,-0.005156213380327676,0.01119478487946371
2021-11-18,1.1333050490424874,0.7105166197896583,0.002067784324971998,0.005173906544145679
2021-11-19,1.1122427535076478,0.6936859088807914,-0.01858484222993161,0.01176834873787358
2021-11-22,1.1042249552375965,0.693930623763839,-0.007208676563426407,0.09635625722923305
2021-11-23,1.1183257318962827,0.7079142370042191,0.01276984059434908,0.04387314266887818
2021-11-24,1.1142905201880517,0.7046193553631835,-0.003608261522685966,0.020877930249503712
2021-11-26,1.0543864899007493,0.653206782762753,-0.053759795315491674,0.23818140935561885
2021-11-29,1.0566238290640186,0.656508370168338,0.002121934589165748,0.01387237781580436
2021-11-30,1.0353722950774418,0.6357720261668122,-0.020112677191278044,0.011936789119811692
2021-12-01,1.0315009318722845,0.6290289978650476,-0.0037391025658722716,0.002741169268185961
2021-12-02,1.036825009097243,0.6382337207635504,0.005161485618141753,0.007404558648814369
2021-12-03,1.0410178563046677,0.6382928125454772,0.004043929467977782,0.010088529143888442
2021-12-06,1.0580871816116164,0.660015557523551,0.016396765150158164,0.05865039667200192
2021-12-07,1.0671845154596182,0.6694033844946748,0.008597905736033149,0.0037609661632305724
2021-12-08,1.0729429647552187,0.6766695584434066,0.005395926582686784,0.0070718175624288615
2021-12-09,1.059359946858229,0.6630753450627451,-0.012659589878655257,0.028499995213404322
2021-12-10,1.068691642859108,0.6727282305949072,0.008808805759132428,0.009576356197659008
2021-12-13,1.0667444926350895,0.667757923169344,-0.001821994433126859,0.0004876342177662363
2021-12-14,1.0559875368887994,0.6604176701639723,-0.01008391027144469,0.009994703384353099
2021-12-15,1.0636404681087648,0.6676309372576263,0.007247179490879934,0.001229989858293562
2021-12-16,1.072581987029613,0.6722920351220476,0.008406523810387536,1.404718553182006
2021-12-17,1.049284395591164,0.6625228305340478,-0.021721035520062125,1.0
2021-12-20,1.049284395591164,0.6538277493171869,0.0,0.0
2021-12-21,1.049284395591164,0.6680315915686452,0.0,0.0
2021-12-22,1.049284395591164,0.6778548224572954,0.0,0.0
2021-12-23,1.049284395591164,0.6846199892050773,0.0,0.0
2021-12-27,1.049284395591164,0.6961229825136406,0.0,0.0
2021-12-28,1.049284395591164,0.6967547884655764,0.0,0.0
2021-12-29,1.049284395591164,0.6998579673526054,0.0,0.0
2021-12-30,1.0482351111955728,0.7011776825527813,-0.001,1.0
2021-12-31,1.0324543240298454,0.6964382382740223,-0.015054625624711751,1.6245369811142358
2022-01-03,1.0265207885813197,0.6976496564199481,-0.0057470198055504206,0.04062813748966476
2022-01-04,1.0366036340620484,0.7057732416428343,0.009822349038506449,0.09161958520147603
2022-01-05,1.0345150574161268,0.7047175617308901,-0.002014826667872186,0.01235938407076928
2022-01-06,1.0389218633539348,0.7133873005924606,0.004259779406995497,0.02938970127543608
2022-01-07,1.040375677135071,0.713441714838236,0.0013993485289094747,0.04322010141264901
2022-01-10,1.036849132615387,0.7093171724413152,-0.0033896837432755038,0.002252443814618005
2022-01-11,1.0608027321291986,0.7286491259132809,0.02310229980459179,0.0035378807178155502
2022-01-12,1.068402032757398,0.7351277737584211,0.007163726485645918,0.010080019172922366
2022-01-13,1.0613643611789108,0.7293662949293154,-0.00658710051339388,0.007983566818211163
2022-01-14,1.0746830024654537,0.7431101195205159,0.012548604205769028,0.05506328695188217
2022-01-18,1.0818256353117857,0.7511080738528201,0.0066462694859284925,0.03743323703072368
2022-01-19,1.0914433255430864,0.7556250301923256,0.008890240642641916,0.08871076129451785
2022-01-20,1.0862909567553785,0.7515714729425935,-0.004720692927545538,0.022241459231021665
2022-01-21,1.0861242681160699,0.7521055055091054,-0.00015344750710856025,0.0074708446774919834
2022-01-24,1.0828969367825358,0.7480523005912492,-0.0029714199638793703,0.012832018053355043
2022-01-25,1.0920948775136283,0.7556344193698753,0.008493828377076336,0.01861382390789945
2022-01-26,1.0902713040391268,0.757490312243462,-0.0016697940005480228,0.05229683095454479
2022-01-27,1.0859955068483764,0.7560299943564044,-0.003921773575906932,0.029149574217523733
2022-01-28,1.086654358489871,0.7569900280958928,0.0006066798963160759,0.00616884992760125
2022-01-31,1.0938451338545667,0.7621353823340714,0.006617352894704318,0.02761827712277376
2022-02-01,1.0942983616871447,0.7624452906696751,0.00041434369322528134,0.0444961021798036
2022-02-02,1.0964109193924443,0.7636413708628208,0.001930513449771175,0.007224347527341413
2022-02-03,1.105140669498215,0.7713040155461767,0.007962115253839682,0.004467197841794446
2022-02-04,1.1198653319739886,0.783638759551006,0.013323790248764523,0.032231774563141025
2022-02-07,1.1211919316894299,0.7832992847194042,0.0011846064679070464,0.006130233673685037
2022-02-08,1.1125683983324504,0.7751317658167635,-0.007691397978565003,0.020860082901959565
2022-02-09,1.1191944358230546,0.7803426348009501,0.005955622594112373,0.036293143536503814
2022-02-10,1.115032872311608,0.7774558540075417,-0.003718356148175474,0.002750196154137574
2022-02-11,1.1448770102467745,0.7997751307792113,0.026765253900806956,0.04158070018683274
2022-02-14,1.153856696228882,0.8065176935793431,0.00784336300033844,0.046188513854771074
2022-02-15,1.1288032478902084,0.7875631777560164,-0.02171279017624568,0.06218301390537295
2022-02-16,1.1263585829334737,0.7836974836666604,-0.00216571396415086,0.04106472718282775
2022-02-17,1.1398799764519838,0.7928015930802265,0.012004519451785281,0.02935682675465165
2022-02-18,1.1445694970128424,0.7969532048523357,0.004114047669698911,0.005042863426429012
2022-02-22,1.1555423858430431,0.8061416490875299,0.009586913559061544,0.007285221623626215
2022-02-23,1.163955073228834,0.8125114801073358,0.0072802932102340795,0.004657570640969055
2022-02-24,1.1661638877376987,0.815955958751463,0.0018976802109188118,0.05450323158272369
2022-02-25,1.1591772480333355,0.8104764291142583,-0.005991130215768348,0.062239908581699366
2022-02-28,1.1817051986618163,0.8292207961210638,0.019434431331965648,0.029448538936852342
2022-03-01,1.232893225278793,0.8745096323016041,0.043317086761522995,0.10946996447142801
2022-03-02,1.256810930885375,0.9082210318717787,0.019399656933935746,0.022634260017453584
2022-03-03,1.2513979640524426,0.8975410944798371,-0.004306906233795247,0.01519671679859741
2022-03-04,1.2965552066282198,0.9425820526651991,0.03608543714546496,0.034777972968368875
2022-03-07,1.3277080348280563,0.9720854795384107,0.024027382745121596,0.006636782630526972
2022-03-08,1.370678074558709,1.0075958944917183,0.03236407297649398,0.06130535101505985
2022-03-09,1.278717520632811,0.9163117105772163,-0.06709128542492009,0.05841348377980746
2022-03-10,1.2704942459672726,0.9037318758594771,-0.006430876665761945,0.007026257344388415
2022-03-11,1.278284338279931,0.918163886950053,0.006131544741257368,0.0033331064721381365
2022-03-14,1.2410284167543795,0.8813959733882296,-0.029145253845230788,0.013756895498323096
2022-03-15,1.1975659280878028,0.8389719572973713,-0.035021348487928025,0.00079947861295529
2022-03-16,1.1989221766449036,0.8364304756327514,0.0011325042949963421,0.0013747933064768847
2022-03-17,1.2401388820467352,0.8848992757698007,0.034378132463254184,0.033541165257061745
2022-03-18,1.2382918680596082,0.8891524952857722,-0.0014893605981279965,0.003561509440425853
2022-03-21,1.2762908837762954,0.9348677489191266,0.03068663914932365,0.01500353243432237
2022-03-22,1.2650840003155959,0.9253794661771706,-0.008780822305602034,0.001651662742095078
2022-03-23,1.2970937806326643,0.9588933986488761,0.025302493991768888,0.003850957065684557
2022-03-24,1.2912739914550346,0.9444229844447495,-0.004486791367383718,0.0077550738002069575
2022-03-25,1.2941437817871622,0.9521565796650149,0.0022224487994943975,0.0021874966848100807
2022-03-28,1.2428982915184998,0.895542838101491,-0.03959798825281543,0.013950842304068567
2022-03-29,1.251731279090385,0.9075673321641006,0.007106766202963802,0.0033960420998049023
2022-03-30,1.2674282102925494,0.9228577572370181,0.012540176525404857,0.010463771330112032
2022-03-31,1.2460688688639139,0.8923097518638512,-0.016852505929077645,0.010808575624847938
2022-04-01,1.24002858502245,0.8892256593039878,-0.004847471911380906,0.004581192598151623
2022-04-04,1.258209428276433,0.9105663697764438,0.01466163237975161,0.013370955614934843
2022-04-05,1.2416468707953023,0.8924254051011006,-0.013163593523392114,0.06236340567634688
2022-04-06,1.2340325518235067,0.8778028498959496,-0.00613243519626347,0.01271207757294665
2022-04-07,1.2362860470342791,0.8771361778410597,0.0018261229879572025,0.0033309544953654957
2022-04-08,1.2465437685294256,0.8866157626781991,0.008297207203586773,0.007060338645990039
2022-04-11,1.2399979583156577,0.8708469603910329,-0.0052511675715087025,0.013906217326074971
2022-04-12,1.266239056964728,0.904308725992335,0.021162211173891332,0.042248161836748704
2022-04-13,1.2830212438606385,0.9274615324757354,0.013253569145259663,0.006235974689012963
2022-04-14,1.2861950032594904,0.9378528112918746,0.002473660833005399,0.042188250960853685
2022-04-18,1.2939820818760241,0.9472494038966808,0.006054353031071854,0.018759864608766746
2022-04-19,1.262808771037623,0.9128578455062877,-0.024090991115739327,0.06301295502687618
2022-04-20,1.2679445036399555,0.9156529502145724,0.004066912362441516,0.007081577650052351
2022-04-21,1.2691811472473176,0.9213360525058293,0.0009753136701267692,0.008873039526280824
2022-04-22,1.2517805082439402,0.9043834393057192,-0.013710130379037712,0.007888788232364025
2022-04-25,1.226823911557794,0.8843332545135837,-0.01993687912680197,0.04958597160114539
2022-04-26,1.237702068347129,0.8986409868674334,0.008866925959669505,0.011851988545400705
2022-04-27,1.231050716160854,0.8957261660533882,-0.005373952549952019,0.015618744878333063
2022-04-28,1.245142483493483,0.9109739164685026,0.011446942963142559,0.009444021948617709
2022-04-29,1.240908336882802,0.9051905679075513,-0.003400531800024477,0.039792639616795744
2022-05-02,1.2332903944411486,0.9091078462649892,-0.006139004965338368,0.05139302901383702
2022-05-03,1.2237640718359335,0.8952710430233648,-0.007724314280037711,0.006898131834522148
2022-05-04,1.253459729575885,0.9261680609471852,0.024265835566982346,0.004362878748181559
2022-05-05,1.2522957919979798,0.9272605478026524,-0.00092857995389994,0.0152228268527832
2022-05-06,1.263627995494761,0.9403357118390516,0.009049142837652686,0.005613606052559866
2022-05-09,1.2182529951126013,0.8926239719424084,-0.03590851147959358,0.06435251670494219
2022-05-10,1.199418626495141,0.8734966600158216,-0.015460145546959741,0.0038126237906307425
2022-05-11,1.226566115519232,0.9040654309232353,0.022633873131868477,0.008157733252166816
2022-05-12,1.2199780412545784,0.9067353968483042,-0.0053711529947692545,0.025734271028659966
2022-05-13,1.2268279942186233,0.9214674833158777,0.005614816605224143,0.003841023474298433
2022-05-16,1.2451791570133308,0.9391960145630395,0.014958219800319713,0.01489543438470542
2022-05-17,1.228460259146216,0.9215760215530658,-0.01342690148076086,0.0056185073169967015
2022-05-18,1.21886059694751,0.9087833205286918,-0.00781438563212282,0.016616578538148685
2022-05-19,1.2364143932638627,0.9236823109281739,0.014401808016695512,1.2470947252609639
2022-05-20,1.2527724086410956,0.9320445155304118,0.013230204587032612,0.0013904353827065563
2022-05-23,1.2573638631672672,0.9357656208144433,0.003665034841525693,0.0036717624699218465
2022-05-24,1.257977633727228,0.9384186165335227,0.00048814076651985776,0.0014581071591882044
2022-05-25,1.2651563242062627,0.9401007492219944,0.005706532681161561,2.5354058085236275e-06
2022-05-26,1.2955418800474214,0.9545571389996547,0.02401723428148051,0.0027389346908339163
2022-05-27,1.310915685600581,0.962292673675124,0.011866699016010831,0.003252256564543976
2022-05-31,1.3142306856886623,0.9607716190672195,0.002528766818868735,0.0002368569092618955
2022-06-01,1.3138234447788268,0.9626018457274298,-0.0003098701881412907,0.004198933133715055
2022-06-02,1.3384135992167734,0.9785518659667396,0.01871648320454957,0.002165300423636829
2022-06-03,1.373860054070814,0.9925270053392649,0.026483932078083635,0.0012661619924288492
2022-06-06,1.3549328681446813,0.9819405884278127,-0.013776647679689292,0.002773506893982869
2022-06-07,1.377526336389418,0.9949700298929867,0.01667497244765641,0.0025192708004612707
2022-06-08,1.4099211482188578,1.0102802194217813,0.02351665516199767,0.0012113097538878348
2022-06-09,1.396133659427224,1.0026289678568785,-0.009778907713421693,0.008878550808647356
2022-06-10,1.3826120302334481,1.0006498192037663,-0.009685053506498127,0.0015553252268782902
2022-06-13,1.3866809267868625,0.9938149105343477,0.002942905503814584,0.009382567927134655
2022-06-14,1.362625211374137,0.9797122313947944,-0.01734769329269271,0.022896071532673867
2022-06-15,1.3395080816618354,0.9728977710189937,-0.016965141639342814,0.009097471838473814
2022-06-16,1.3481652905378299,0.9807639180759172,0.006462976218295132,0.002827517471311436
2022-06-17,1.281844683042836,0.9459141395896488,-0.04919323169085325,0.0064167111480173955
2022-06-21,1.2937011169981836,0.9505637606485009,0.009249509017896515,0.0008992408895335813
2022-06-22,1.2465002101319602,0.9286985554620617,-0.03648517130119297,0.0028026672908594286
2022-06-23,1.2220670238996385,0.9146365317963293,-0.019601429693890785,0.007724138408725989
2022-06-24,1.2568928598362212,0.93171549232079,0.0284974843895655,0.0005715873496006108
2022-06-27,1.282032368748279,0.943800008495684,0.020001314125798843,0.0032685791505276396
2022-06-28,1.310909712802383,0.9574432293645845,0.02252466065447207,0.00042909478319680394
2022-06-29,1.2859051635096421,0.9450041103716058,-0.01907419637565099,0.00274394036527692
2022-06-30,1.2516573532478905,0.9262540010408434,-0.026633231776034334,0.008808894764663067
2022-07-01,1.2734377774927639,0.9367278429985675,0.017401267358319737,0.00456694410082531
2022-07-05,1.1717256800978588,0.8801624588054615,-0.07987205907709369,0.010329809252939748
2022-07-06,1.1495537163923568,0.864496087590439,-0.018922486792002674,0.0028377016385305875
2022-07-07,1.1927676965745126,0.8863496536363162,0.03759196248590645,0.0007967006672864319
2022-07-08,1.2241399151882706,0.9020149038134637,0.026302035764260948,0.002717479943556478
2022-07-11,1.2194356717151902,0.8980902808291823,-0.0038428968900641293,0.00026068256437256077
2022-07-12,1.1349684468058434,0.8555102341230799,-0.06926747090360229,0.00901992706377458
2022-07-13,1.1382424859869429,0.8585558535509669,0.002884696213638055,0.0016364005586693153
2022-07-14,1.1378339219983549,0.8542652017625534,-0.00035894283829501186,0.0028475959697558118
2022-07-15,1.153013071001153,0.8612754778568023,0.01334039063990912,0.0006834100279746735
2022-07-18,1.2045134894187008,0.8871562210372269,0.04466594500340769,0.008874461855430171
2022-07-19,1.2225659295739313,0.8967396075291489,0.014987329169673718,0.0048496962347416295
2022-07-20,1.2151516888315785,0.8903135468983169,-0.006064491544383696,0.00024783564946251335
2022-07-21,1.1821651384599974,0.878382676484033,-0.02714603507920824,0.0004915396964365049
2022-07-22,1.1674239184596529,0.871810137284067,-0.012469679168130205,0.0028057804782463114
2022-07-25,1.19222921347184,0.8833780646157706,0.021247890008041136,0.0010266761171134342
2022-07-26,1.1769086850873505,0.8760183879473028,-0.012850321239718068,0.982116619239876
2022-07-27,1.216771692230307,0.8994116784292914,0.033870943130985376,0.0
2022-07-28,1.213354854770956,0.8993739385891627,-0.002808117152271916,0.0
2022-07-29,1.2293001445226615,0.9077322907994608,0.013141489226344616,0.0
2022-08-01,1.1829830467012847,0.8867266477958856,-0.0376776152087428,0.0
2022-08-02,1.1890574083152188,0.8896365139123867,0.005134783318216041,0.0
2022-08-03,1.1491944011722623,0.8710446775862357,-0.03352488018172184,0.0
2022-08-04,1.1134972479373006,0.8592209556154199,-0.031062762922050458,1.0
2022-08-05,1.1134972479373006,0.8573081949530552,0.0,0.0
2022-08-08,1.1134972479373006,0.8742103043597413,0.0,0.0
2022-08-09,1.1134972479373006,0.8744553581046457,0.0,0.0
2022-08-10,1.1134972479373006,0.879013866092524,0.0,0.0
2022-08-11,1.1134972479373006,0.8932159051954928,0.0,0.0
2022-08-12,1.1134972479373006,0.8869513656395963,0.0,0.0
2022-08-15,1.1134972479373006,0.8644524764968871,0.0,0.0
2022-08-16,1.1134972479373006,0.8503527796853299,0.0,0.0
2022-08-17,1.1134972479373006,0.8548861798830556,0.0,0.0
2022-08-18,1.1134972479373006,0.8727456021673504,0.0,0.0
2022-08-19,1.1134972479373006,0.8687755963979321,0.0,0.0
2022-08-22,1.1134972479373006,0.8713003122503248,0.0,0.0
2022-08-23,1.1134972479373006,0.89061230169497,0.0,0.0
2022-08-24,1.1134972479373006,0.90101432334536,0.0,0.0
2022-08-25,1.1134972479373006,0.8913679575042948,0.0,0.0
2022-08-26,1.1134972479373006,0.8841860067872457,0.0,0.0
2022-08-29,1.1134972479373006,0.907431354737422,0.0,0.0
2022-08-30,1.1134972479373006,0.8793637135828838,0.0,0.0
2022-08-31,1.1134972479373006,0.858282285067873,0.0,0.0
2022-09-01,1.1134972479373006,0.8381477185085977,0.0,0.0
2022-09-02,1.1134972479373006,0.8453878859566649,0.0,0.0
2022-09-06,1.1134972479373006,0.8423564305776817,0.0,0.0
2022-09-07,1.1134972479373006,0.8159246702614611,0.0,0.0
2022-09-08,1.1134972479373006,0.8185415756715846,0.0,0.0
2022-09-09,1.1134972479373006,0.8442647366321296,0.0,0.0
2022-09-12,1.1134972479373006,0.8554468108130755,0.0,0.0
2022-09-13,1.1134972479373006,0.8485870906875731,0.0,0.0
2022-09-14,1.1134972479373006,0.8529185308823549,0.0,0.0
2022-09-15,1.1134972479373006,0.8258647108404928,0.0,0.0
2022-09-16,1.1134972479373006,0.8299604830507787,0.0,0.0
2022-09-19,1.1134972479373006,0.8314375374076101,0.0,0.0
2022-09-20,1.1134972479373006,0.8236054805567324,0.0,0.0
2022-09-21,1.1134972479373006,0.8211094238876403,0.0,0.0
2022-09-22,1.1134972479373006,0.8231641676056874,0.0,0.0
2022-09-23,1.1134972479373006,0.7914260224988496,0.0,0.0
2022-09-26,1.1134972479373006,0.7719648415046751,0.0,0.0
2022-09-27,1.1134972479373006,0.7838731875939626,0.0,0.0
2022-09-28,1.1134972479373006,0.8099239861645297,0.0,0.0
2022-09-29,1.1134972479373006,0.8066009834452459,0.0,0.0
2022-09-30,1.1134972479373006,0.7945581495684483,0.0,0.0
2022-10-03,1.1134972479373006,0.8219589771358006,0.0,0.0
2022-10-04,1.1134972479373006,0.8446983720271531,0.0,0.0
2022-10-05,1.1134972479373006,0.8557394574262627,0.0,0.0
2022-10-06,1.1134972479373006,0.8637706883334058,0.0,0.0
2022-10-07,1.1134972479373006,0.8774615915232173,0.0,0.0
2022-10-10,1.1134972479373006,0.8618938719659237,0.0,0.0
2022-10-11,1.1134972479373006,0.8468384873073838,0.0,0.0
2022-10-12,1.1134972479373006,0.8416363575976789,0.0,0.0
2022-10-13,1.1134972479373006,0.8527143806357836,0.0,0.0
2022-10-14,1.1134972479373006,0.8313320639062779,0.0,0.0
2022-10-17,1.1134972479373006,0.8315938545566361,0.0,0.0
2022-10-18,1.1134972479373006,0.8220973850700747,0.0,0.0
2022-10-19,1.1134972479373006,0.829181250955308,0.0,0.0
2022-10-20,1.1134972479373006,0.830704659880893,0.0,0.0
2022-10-21,1.1134972479373006,0.8391451003196478,0.0,0.0
2022-10-24,1.1134972479373006,0.8375785807017608,0.0,0.0
2022-10-25,1.1134972479373006,0.8385650350508375,0.0,0.0
2022-10-26,1.1134972479373006,0.8584242562701423,0.0,0.0
2022-10-27,1.1134972479373006,0.8634213018454123,0.0,0.0
2022-10-28,1.1134972479373006,0.8543832256320417,0.0,0.0
2022-10-31,1.1134972479373006,0.8425566298606529,0.0,0.0
2022-11-01,1.1134972479373006,0.8580841412143848,0.0,0.0
2022-11-02,1.1134972479373006,0.8627164930850983,0.0,0.0
2022-11-03,1.1134972479373006,0.8555126646873892,0.0,0.0
2022-11-04,1.1134972479373006,0.8904766107068836,0.0,0.0
2022-11-07,1.1134972479373006,0.8867292595139088,0.0,0.0
2022-11-08,1.1134972479373006,0.8778309596255269,0.0,0.0
2022-11-09,1.1134972479373006,0.8556104357378655,0.0,0.0
2022-11-10,1.1134972479373006,0.8700592339962011,0.0,0.0
2022-11-11,1.1134972479373006,0.8879737617765603,0.0,0.0
2022-11-14,1.1134972479373006,0.8683019628717841,0.0,0.0
2022-11-15,1.1134972479373006,0.8787371881392004,0.0,0.0
2022-11-16,1.1134972479373006,0.869496547110886,0.0,0.0
2022-11-17,1.1134972479373006,0.8516952098173451,0.0,0.0
2022-11-18,1.1134972479373006,0.839548000608856,0.0,0.0
2022-11-21,1.1134972479373006,0.8365266169849689,0.0,0.0
2022-11-22,1.1134972479373006,0.8436101701662007,0.0,0.0
2022-11-23,1.1134972479373006,0.8242572981137005,0.0,0.0
2022-11-25,1.1134972479373006,0.8215738139316682,0.0,0.0
2022-11-28,1.1134972479373006,0.8171077304276525,0.0,0.0
2022-11-29,1.1134972479373006,0.8278606741123283,0.0,0.0
2022-11-30,1.1123837506893632,0.8467372500445721,-0.001,1.0
2022-12-01,1.1328347030382955,0.8525150629229393,0.01838479961277617,0.0
2022-12-02,1.1289199853525196,0.8455005398254637,-0.0034556830535615868,0.0
2022-12-05,1.1095489764318855,0.8231402693973514,-0.017158885635801036,0.0
2022-12-06,1.112586227208535,0.8021780889360927,0.0027373742314797944,0.0
2022-12-07,1.1226430072800493,0.7913875827747314,0.009039101712364994,0.0
2022-12-08,1.1235879320325417,0.7828631025384131,0.0008416965556858891,0.0
2022-12-09,1.1275701075616835,0.7860346599136632,0.003544160110315664,0.0
2022-12-12,1.1182557757234899,0.7961846593583716,-0.008260534556326027,0.0
2022-12-13,1.1373568502815863,0.8148157633884611,0.017081132038632596,0.0
2022-12-14,1.1345896368565485,0.8278968436146296,-0.0024330212847030186,0.0
2022-12-15,1.1160285340126013,0.8134790399665435,-0.01635930934057528,0.0
2022-12-16,1.1257477159000642,0.8033442327500113,0.008708721678036602,0.0
2022-12-19,1.122575549436683,0.8115179379721383,-0.0028178306902848504,0.0
2022-12-20,1.141204110123996,0.815702977756883,0.016594482836064905,0.0
2022-12-21,1.139314260619011,0.8307292259132691,-0.0016560135809358112,0.0
2022-12-22,1.1255452393808925,0.824085475520779,-0.012085358459954287,0.0
2022-12-23,1.1289199853525194,0.8396154022693467,0.002998321039039853,0.0
2022-12-27,1.1384367937098845,0.8437279826847532,0.008430011409881644,0.0
2022-12-28,1.1333072169090783,0.8344866299585406,-0.004505807286929064,0.0
2022-12-29,1.1396517558139885,0.8360433427724294,0.005598251568726287,0.0
2022-12-30,1.1449838091339661,0.8514685038386551,0.0046786689817972515,0.0
2023-01-03,1.1545680753346974,0.8323034956141873,0.008370656531798915,0.0
2023-01-04,1.1654347614828986,0.8064896496694881,0.0094119059589024,0.0
2023-01-05,1.150923395000533,0.8071373413424485,-0.012451461859522062,0.0
2023-01-06,1.1724542907777638,0.8117544400452013,0.01870749684189077,0.0
2023-01-09,1.1750865885160697,0.821145820691719,0.0022451175785793698,0.0
2023-01-10,1.179406259240189,0.8229653054926441,0.0036760446135073455,0.0
2023-01-11,1.1785962501744285,0.841840447180686,-0.000686793935011365,0.0
2023-01-12,1.1922302527367414,0.8509960411435417,0.011568000967502767,0.0
2023-01-13,1.2065391426999352,0.8652821337246296,0.012001783992939385,0.0
2023-01-17,1.1986422494850175,0.8711415685863938,-0.00654507834469964,0.0
2023-01-18,1.195200045670025,0.8585689882187071,-0.0028717524486322477,0.0
2023-01-19,1.2141661015523155,0.8723729252967249,0.015868520044824974,0.0
2023-01-20,1.2101163651907338,0.8801701041390805,-0.003335405556458948,0.0
2023-01-23,1.212411270723136,0.8813344574061158,0.0018964337632443318,0.0
2023-01-24,1.2167983992906213,0.8713540087142928,0.003618515163479552,0.0
2023-01-25,1.2224004899622105,0.8746071892548954,0.004603959599926544,0.0
2023-01-26,1.2113313272948376,0.8765730419308111,-0.009055266877154966,0.0
2023-01-27,1.2096439543090243,0.8661054424642937,-0.0013929904624704337,0.0
2023-01-30,1.2065391426999352,0.8539420021713261,-0.002566715270248765,0.0
2023-01-31,1.2109263742564944,0.8640740157979304,0.0036362115419990015,0.0
2023-02-01,1.2261801889721806,0.8517850153321389,0.012596814339808304,0.0
2023-02-02,1.200734575509174,0.8387289712079325,-0.02075193653580043,0.0
2023-02-03,1.1707669177919504,0.8145702612322931,-0.024957770292002968,0.0
2023-02-06,1.1731967390110845,0.8253572335929794,0.0020754098721176284,0.0
2023-02-07,1.174276579450309,0.8437294632468707,0.000920425708082595,0.0
2023-02-08,1.1771789145402263,0.8523146838555858,0.002471594120761589,0.0
2023-02-09,1.1678645827020329,0.8437807724421457,-0.007912418174625069,0.0
2023-02-10,1.1700919274019954,0.8605094521047024,0.0019071943211166342,0.0
2023-02-13,1.1641523415354287,0.8557241219518776,-0.005076170279846859,0.0
2023-02-14,1.1650298084445552,0.8546228572663347,0.0007537389032514774,0.0
2023-02-15,1.1534206740630333,0.8492159210097537,-0.00996466725346834,0.0
2023-02-16,1.1524757493105409,0.8442328761089258,-0.0008192368783922488,0.0
2023-02-17,1.1559179531255335,0.8335480255902254,0.002986790669610162,0.0
2023-02-21,1.1515982824014142,0.8308368442626978,-0.003737004613899475,0.0
2023-02-22,1.1451188278097721,0.8147309290833028,-0.005626488586046308,0.0
2023-02-23,1.144511398252257,0.8267158583780643,-0.0005304511136865475,0.0
2023-02-24,1.1362770098423618,0.8305590002956958,-0.00719467575637045,0.0
2023-02-27,1.140731596253213,0.8249133794338323,0.003920334893926292,0.0
2023-02-28,1.1459287338864588,0.8339977996079998,0.00455596886271592,0.0
2023-03-01,1.1525432071539066,0.8437021151593526,0.005772150633673867,0.0
2023-03-02,1.1518683197530255,0.8447891399172379,-0.0005855636445488699,0.0
2023-03-03,1.1642199023678685,0.8588634032946378,0.010723085619275707,0.0
2023-03-06,1.1583477743446677,0.8615089907695327,-0.005043830646819902,0.0
2023-03-07,1.1380992985149072,0.8350015167130103,-0.017480480627863337,0.0
2023-03-08,1.137559326800758,0.8294700053182983,-0.00047445044105887124,0.0
2023-03-09,1.1487635081439365,0.825715713836835,0.009849316056938173,0.0
2023-03-10,1.1735341312169882,0.8391565019701195,0.021562856843419187,0.0
2023-03-13,1.2004646411466364,0.8297415279424698,0.022948211912439564,0.0
2023-03-14,1.1935126726842114,0.8088545557961859,-0.005791064746217711,0.0
2023-03-15,1.2028270045224048,0.7870647693973563,0.007804133170404848,0.0
2023-03-16,1.205256825741539,0.7882584833135728,0.002020092008242713,0.0
2023-03-17,1.2403541632486426,0.7832270971396751,0.02912021467748982,0.0
2023-03-20,1.240826574130352,0.7930217275341287,0.0003808677357699519,0.0
2023-03-21,1.2174058288481362,0.7997956273011839,-0.018875115806276432,0.0
2023-03-22,1.23812681854868,0.8079081220223561,0.01702060989813825,0.0
2023-03-23,1.253650670615978,0.8057927830267021,0.012538176085624908,0.0
2023-03-24,1.239544154182882,0.8018835113390982,-0.011252350246951037,0.0
2023-03-27,1.2280700384771657,0.8246952837868734,-0.009256722051406152,0.0
2023-03-28,1.2381268185486802,0.830784152757555,0.008189093257242153,0.0
2023-03-29,1.2319847561629418,0.8250407327146541,-0.00496077000653139,0.0
2023-03-30,1.2431213766736806,0.8359483047618238,0.009039576549164652,0.0
2023-03-31,1.2366419220820386,0.84374747988057,-0.005212246135594234,0.0
2023-04-03,1.245551197892815,0.8802921045869492,0.007204410308019105,0.0
2023-04-04,1.268769466655859,0.885243696474301,0.018640958960437715,0.0
2023-04-05,1.2677570840600005,0.8850911094172553,-0.0007979247786651378,0.0
2023-04-06,1.2587127895734185,0.8835919759467484,-0.007134091065472581,0.0
2023-04-10,1.249398457735225,0.8768213381899922,-0.007399886547073353,0.0
2023-04-11,1.257295350950143,0.8886312856946053,0.006320556237305208,0.0
2023-04-12,1.2634374133358814,0.9016666696558976,0.004885138866613126,0.0
2023-04-13,1.280513619713187,0.8999117535985546,0.013515672558895409,0.0
2023-04-14,1.2578353226642922,0.8966445627575339,-0.017710313033589165,0.0
2023-04-17,1.252233231992703,0.8845385930107987,-0.0044537552497120325,0.0
2023-04-18,1.2570928744309715,0.8847044660436348,0.003880780603893852,0.0
2023-04-19,1.2510858307210388,0.8715956389404579,-0.004778520212877502,0.0
2023-04-20,1.255242279782286,0.8585905290842496,0.0033222733078606516,0.6159858911862381
2023-04-21,1.2501410874191141,0.8610941353592466,-0.004063910565581514,0.0008028081752053939
2023-04-24,1.2586142731204824,0.8702316536212757,0.006777783553103559,0.016540057959584575
2023-04-25,1.2536551687878847,0.8578579013452367,-0.003940130378708065,0.4586142786485216
2023-04-26,1.229851626373535,0.8367942226549547,-0.018987312465966577,0.04207874429141978
2023-04-27,1.2338053667247189,0.8407626048123835,0.003214810849047126,0.004068606381777862
2023-04-28,1.2482218025195677,0.8552925483995076,0.011684529978272896,0.02436112224475026
2023-05-01,1.2382743485757026,0.8469306163925562,-0.007969299946360425,0.0007251290214242145
2023-05-02,1.2234242095440009,0.8229122899115163,-0.011992608139531149,0.10199353614684864
2023-05-03,1.2024742305354015,0.8011600227206777,-0.017124051367601954,0.08723672523374937
2023-05-04,1.210247522063051,0.8066449974311494,0.006464414230472638,0.44462964085045714
2023-05-05,1.209987870985714,0.823483022862794,-0.00021454377935398798,0.013165023170954804
2023-05-08,1.2176304759335101,0.8342777513580746,0.006316265750308894,0.018168704834412186
2023-05-09,1.2263925558958357,0.840939363141719,0.0071960090811689316,0.5404076788417909
2023-05-10,1.2246407242255282,0.8360883210918537,-0.001428442843921074,0.0
2023-05-11,1.2141299322066974,0.8249710854043445,-0.008582755587748347,0.0
2023-05-12,1.2120536725972206,0.8146032218450694,-0.0017100802429794726,0.0
2023-05-15,1.2146489971090666,0.823346576278182,0.0021412620336231925,0.0
2023-05-16,1.199466620968913,0.8153540599024751,-0.0124993937971285,0.0
2023-05-17,1.195314200751467,0.8317097262478995,-0.0034618889303412725,0.0
2023-05-18,1.1798074956736517,0.8225996746427817,-0.012972911279784505,0.0
2023-05-19,1.1914862084731899,0.8243926797528237,0.0098988291245512,0.0
2023-05-22,1.1886963459996511,0.8241151371361719,-0.002341497915543389,0.0
2023-05-23,1.1901236507292825,0.8324404667095552,0.001200731149241463,0.0
2023-05-24,1.180521197539221,0.8373276878504317,-0.008068450017086337,0.0
2023-05-25,1.1691669126788518,0.8217008425949364,-0.009618027091793824,0.0
2023-05-26,1.173838397798667,0.8291359956003035,0.003995567330169925,0.0
2023-05-30,1.1811051084288209,0.8092310926547056,0.006190554546333882,0.0
2023-05-31,1.1829218850878667,0.7962553213704221,0.0015382006614657051,0.0
2023-06-01,1.19226475632599,0.8138302477654855,0.00789813034647624,0.0
2023-06-02,1.1746818906402052,0.8245690329623484,-0.014747450675273721,0.0
2023-06-05,1.1817539643071593,0.8259230228039097,0.006020416015011243,0.0
2023-06-06,1.1830515770623287,0.8239119075112525,0.0010980396887689814,0.0
2023-06-07,1.1688424847396826,0.8277851365212794,-0.012010543410059138,0.0
2023-06-08,1.1842843438302668,0.8215299517037202,0.013211240429905624,0.0
2023-06-09,1.1811051084288209,0.8158261734002004,-0.0026845203333208945,0.0
2023-06-12,1.1800670776255897,0.7927752698067666,-0.0008788640365902101,0.0
2023-06-13,1.17137286426279,0.8073394768171245,-0.007367558613950331,0.0
2023-06-14,1.1720217201411285,0.8048537737685327,0.0005539277015322863,0.0
2023-06-15,1.18026171458879,0.8207154235126757,0.007030581691497284,0.0
2023-06-16,1.1784450369312516,0.8277788242928332,-0.0015392159510752013,0.0
2023-06-20,1.1662472592293442,0.821157638798121,-0.010350739592973501,0.0
2023-06-21,1.164560372547775,0.8300362791497616,-0.0014464228474878604,0.0
2023-06-22,1.1530114507242057,0.8058616018235459,-0.009916979914319946,0.0
2023-06-23,1.1561905871241445,0.8057441782823751,0.0027572461643308177,0.0
2023-06-26,1.158201901744883,0.809046927309158,0.0017396047357047806,0.0
2023-06-27,1.1528816597482368,0.7945917064506544,-0.004593535884055422,0.0
2023-06-28,1.15022148924916,0.8040047602268144,-0.002307409851291853,0.0
2023-06-29,1.1489887224812216,0.8079658539673087,-0.001071764681377263,0.0
2023-06-30,1.1554958173168017,0.8153860488387172,0.005663323502016594,1.0
2023-07-03,1.1554958173168017,0.8144731188230597,0.0,0.0
2023-07-05,1.1554958173168017,0.824379210757109,0.0,0.0
2023-07-06,1.1554958173168017,0.8223287085712593,0.0,0.0
2023-07-07,1.1554958173168017,0.8365208889140041,0.0,0.0
2023-07-10,1.1554958173168017,0.8339525125721197,0.0,0.0
2023-07-11,1.1554958173168017,0.8471185513057302,0.0,0.0
2023-07-12,1.1554958173168017,0.8576312329757432,0.0,0.0
2023-07-13,1.1554958173168017,0.8679159145520728,0.0,0.0
2023-07-14,1.1554958173168017,0.8532027253895933,0.0,0.0
2023-07-17,1.1554958173168017,0.8451239422039966,0.0,0.0
2023-07-18,1.1554958173168017,0.8587509888897235,0.0,0.0
2023-07-19,1.1554958173168017,0.8568120501220285,0.0,0.0
2023-07-20,1.1554958173168017,0.8577339377675226,0.0,0.0
2023-07-21,1.1554958173168017,0.8649384843199637,0.0,0.0
2023-07-24,1.154340321499485,0.8779689280424764,-0.001,1.0
2023-07-25,1.1608725944312646,0.8835258417925906,0.005658879630310581,0.9898854633489444
2023-07-26,1.1524690542572915,0.8807041842545362,-0.007238985754582406,0.011037514780030178
2023-07-27,1.1637500987917009,0.8824315992762025,0.009788587808702131,1.0094108357456868
2023-07-28,1.1741367401879375,0.890610818818302,0.008925147595708892,0.012149553505676064
2023-07-31,1.1842219616952803,0.9000044604548226,0.00858947783690742,0.011438810487198497
2023-08-01,1.1760370828079914,0.8948976564793771,-0.00691160876257668,0.03426730542922654
2023-08-02,1.1613191430308916,0.8816508796984767,-0.012514860281410658,0.028506935713231096
2023-08-03,1.1740485653129953,0.8946965547368096,0.010961174934980864,0.01721617863639585
2023-08-04,1.1812462289134205,0.900999435578868,0.006130635318741239,0.005886881286862267
2023-08-07,1.1793903413773918,0.8998216728319869,-0.0015711267393723285,0.00646299523090893
2023-08-08,1.177343485730523,0.899717468508222,-0.0017355201031055334,0.026090301614692613
2023-08-09,1.1836548785496883,0.9074234630471482,0.005360706451141874,0.059124069694595854
2023-08-10,1.1750217834876338,0.8999144493174435,-0.007293591416302449,1.0408397932097417
2023-08-11,1.177616095152792,0.9012397113466514,0.0022078838891464443,0.0030147761577348775
2023-08-14,1.171319611446206,0.8971198746487309,-0.005346805068734322,0.012663165556873524
2023-08-15,1.1526900527218018,0.8868179995458285,-0.015904761213212194,0.010888608903130703
2023-08-16,1.1311755238432122,0.8740877075109688,-0.018664626130665645,0.011461710997920538
2023-08-17,1.1402080958935727,0.8782912107574871,0.007985119780237188,0.0004042683790485002
2023-08-18,1.1534179219825405,0.885125980282415,0.011585451933329055,0.00014864163105438033
2023-08-21,1.149757117802306,0.8840601866837706,-0.0031738748899809498,0.0002792827796542219
2023-08-22,1.1451805596254965,0.8822011162030083,-0.0039804564859380245,0.0005670162523462863
2023-08-23,1.130298833057511,0.8775468850379825,-0.012995091859446268,0.00044307304946916704
2023-08-24,1.1316905769789152,0.8782034443889052,0.0012313061649718428,0.0006845937994115481
2023-08-25,1.149509838109098,0.8870497463533468,0.015745700717727976,0.00390357322782775
2023-08-28,1.147603477574512,0.8869141950634252,-0.0016584116737285504,0.004216203917459915
2023-08-29,1.161610125050948,0.897017273241086,0.01220512812146513,0.0027690662242257913
2023-08-30,1.166895678380067,0.9004895301150317,0.004550195642352058,0.006110169354545669
2023-08-31,1.1885799959058096,0.9111451116280082,0.018582910132845548,0.005892289484690727
2023-09-01,1.217704545025565,0.9261809074961137,0.024503650759795773,0.005906386435817035
2023-09-05,1.2329164475206764,0.9313937507965734,0.012492277011902038,0.0035483379810352655
2023-09-06,1.2443442246497787,0.935735801332809,0.009268898271316744,0.0016865698433499166
2023-09-07,1.234642736970206,0.9312005266700423,-0.007796466192707514,0.0024866502889637765
2023-09-08,1.2404072049355785,0.9342066672473062,0.004668936035309038,0.0018762731809058852
2023-09-11,1.2417563854769567,0.9354635322697135,0.0010876916354642125,0.00019068917097886384
2023-09-12,1.2632713045488693,0.9446672630171413,0.01732619966648992,0.0033525550757796396
2023-09-13,1.262906274311187,0.9437612730958707,-0.00028895632819962285,0.006092886098378769
2023-09-14,1.2864724151904725,0.9556772826599608,0.018660245307704243,0.007587003937104542
2023-09-15,1.2898028998992164,0.9594372577947657,0.002588850463809366,0.00046600119572909326
2023-09-18,1.293441849997856,0.9631370713548545,0.002821322621405009,0.0017647272496357225
2023-09-19,1.2940409877143162,0.9631289144064209,0.00046321194606576473,0.0006920080006028173
2023-09-20,1.2736379858728408,0.953255634840593,-0.015766889947986456,0.010697549542886486
2023-09-21,1.2765886713085859,0.9524205465618975,0.0023167379337568446,0.0006517251783301758
2023-09-22,1.2791345546628934,0.9547021778487272,0.001994286344165836,0.0030780161306811493
2023-09-25,1.2760162325453304,0.9515200980832716,-0.0024378374473550575,0.008426423164991592
2023-09-26,1.2834891716163321,0.9527034660064968,0.0058564608195423975,0.004718771662848065
2023-09-27,1.311641558615996,0.9627292293264977,0.021934261404177632,0.02262094900280953
2023-09-28,1.2929648823798625,0.9519632666211774,-0.014239161692803032,0.010482193474209311
2023-09-29,1.2813273009906057,0.9429997911194453,-0.009000694100706199,0.0042774026563270895
2023-10-02,1.2583004989492652,0.9283984134427548,-0.01797105394034631,0.0010955298132726554
2023-10-03,1.2669663765928219,0.9317708946433051,0.006886969885804767,0.008900975002682388
2023-10-04,1.197982052496779,0.8979303654596971,-0.05444842528620078,0.024885583781943832
2023-10-05,1.1712965104024062,0.8840601355611705,-0.0222754105862905,0.004482081817863248
2023-10-06,1.1746485821767334,0.8872618631170458,0.0028618473158224687,0.00025855098827815004
2023-10-09,1.224158222626397,0.9176259381781173,0.04214846993465708,0.014921739669395973
2023-10-10,1.2166403853707866,0.9133540602233146,-0.006141230044169475,5.8541668124467705e-05
2023-10-11,1.2000109903096783,0.907254666326825,-0.01366829119028477,0.00018404544418615387
2023-10-12,1.1990134864568114,0.9058362970624786,-0.0008312455976837148,0.0006934009026907662
2023-10-13,1.2584299592478063,0.9454796768294319,0.049554465785515,0.010244018534176447
2023-10-16,1.2477057447778905,0.9385671267032042,-0.008521900159088682,0.0004949872062119942
2023-10-17,1.253170759689386,0.9418806043403226,0.004380051093271543,0.0005923358243583587
2023-10-18,1.2686206045403383,0.9541578775097904,0.012328603050698234,0.00025822406499687034
2023-10-19,1.2966008574029801,0.972084218797189,0.022055650651188755,0.00264440041675168
2023-10-20,1.2820299465305502,0.9656925996381508,-0.011237776675248026,0.0009292661247877754
2023-10-23,1.2550769550512868,0.9510819405604833,-0.021023683223784298,0.0029840956255707263
2023-10-24,1.2251488250612559,0.9359336676823587,-0.02384565334386831,0.001828362723075183
2023-10-25,1.2500399859341558,0.9499298489568777,0.020316846707709568,0.007702081336930955
2023-10-26,1.22638910902034,0.9384571962324569,-0.01892009630087264,0.00024658404616423324
2023-10-27,1.248838445710653,0.9535425185963083,0.018305231614659245,0.0027983159120923973
2023-10-30,1.2152946448420026,0.9346964256088333,-0.02686000017365107,0.0056175921661811845
2023-10-31,1.1975622258197876,0.9239020141356006,-0.014591045140761183,0.0017372585769106497
2023-11-01,1.1930287729134834,0.9205996261230821,-0.0037855677212938264,0.0005661490783597234
2023-11-02,1.215466958084907,0.9338152148547718,0.01880774854794776,1.0587519479462064
2023-11-03,1.2080510136065308,0.9243425503163032,-0.006101313103616346,0.009729336527969257
2023-11-06,1.203197876319834,0.922188558612432,-0.004017328102898624,0.041475725374665845
2023-11-07,1.1765114260658767,0.8956284097412581,-0.022179602191105898,0.04296738194585706
2023-11-08,1.157571510390327,0.8788452379356603,-0.016098369515103322,0.010630530165770646
2023-11-09,1.160531246815048,0.8805733138643639,0.002556849748075532,0.0035620314577700374
2023-11-10,1.1654327786523158,0.8900287329661086,0.00422352422713273,0.08033325361333796
2023-11-13,1.1769437708309933,0.9009707452230146,0.009877010831966364,0.01303103033261599
2023-11-14,1.1813615935858035,0.9016788860390686,0.0037536396081953648,0.01758238323500083
2023-11-15,1.170206068046872,0.8898586619356389,-0.00944293906243461,0.043838513697877
2023-11-16,1.1565592818329304,0.8666171274576098,-0.011661865876937967,0.0261652748210707
2023-11-17,1.1743162142245267,0.8891940520825238,0.015353240141270348,0.059594956077714284
2023-11-20,1.1823817801529137,0.9015407326096573,0.00686830840849219,0.012888224957098487
2023-11-21,1.1922929348010636,0.9072885496812804,0.008382364152184511,0.03757863199489944
2023-11-22,1.1835652156553336,0.8985495108421406,-0.007320113112291802,0.013779487682512526
2023-11-24,1.1829454759290665,0.8943193174992337,-0.0005236211051741099,0.010436909224544072
2023-11-27,1.1820595155066442,0.889487878301227,-0.0007489444276595781,0.38359863005394246
2023-11-28,1.1990114822021216,0.9041720717339428,0.014341043300354964,0.023394528008035265
2023-11-29,1.2052563478519798,0.9148502651694872,0.005208345159788498,0.012119358662110336
2023-11-30,1.1914521475139992,0.8939117194130615,-0.011453331370195692,0.4937934276417591
2023-12-01,1.2120303062215674,0.8912519722129595,0.017271494075951965,0.0
2023-12-04,1.1858341783268056,0.8788793823932818,-0.02161342646325959,0.0
2023-12-05,1.1813523821732352,0.8702758259480162,-0.0037794459254785195,0.0
2023-12-06,1.1857079047724586,0.8482495739287016,0.0036868953454944897,0.0
2023-12-07,1.1876647114315877,0.8508867030350422,0.0016503277504122948,0.0
2023-12-08,1.1718207996677836,0.8584319743392278,-0.01334039111485108,0.0
2023-12-11,1.1588805054244613,0.8577074975527841,-0.011042895165362276,0.0
2023-12-12,1.1582493302897265,0.8362874649204146,-0.0005446421195114404,0.0
2023-12-13,1.184382369566565,0.8520709739722425,0.022562533466176538,0.0
2023-12-14,1.1913258739596522,0.8698253412141818,0.005862552982469849,0.0
2023-12-15,1.1804055713118828,0.8672306136692343,-0.009166511771857233,0.0
2023-12-18,1.1857710897088827,0.8776720567639404,0.004545487184575592,0.0
2023-12-19,1.1938508634540936,0.890491233273176,0.00681394057869511,0.0
2023-12-20,1.1873491720234708,0.8842327320339081,-0.005445982936102989,0.0
2023-12-21,1.1957444851767989,0.887764782745857,0.007070635455129759,0.0
2023-12-22,1.2010469149558753,0.886357144343734,0.004434417088942322,0.0
2023-12-26,1.2101997731167862,0.9014754489386247,0.007620733251079592,0.0
2023-12-27,1.2156914687496323,0.8929066825289927,0.004537842226414179,0.0
2023-12-28,1.2086216908021978,0.8761651759820887,-0.005815437657636813,0.0
2023-12-29,1.206727972760992,0.8715967351687397,-0.001566841018672216,0.0
2024-01-02,1.2038874438584337,0.8637789721466482,-0.002353909884146743,0.0
2024-01-03,1.1938508634540936,0.8817836526269743,-0.008336809604204354,0.0
2024-01-04,1.1950502214241405,0.8761429407906597,0.0010046128932528209,0.0
2024-01-05,1.1952395835964111,0.8871536829131019,0.00015845540955172766,0.0
2024-01-08,1.1858972669447292,0.8645090555152253,-0.007816271130823282,0.0
2024-01-09,1.1862759912892702,0.8729249526337789,0.0003193567900841021,0.0
2024-01-10,1.183561735941059,0.8658258287551852,-0.00228804710551489,0.0
2024-01-11,1.1858972669447292,0.8753503862977118,0.0019733072916665595,0.0
2024-01-12,1.197512025982158,0.8819106993851148,0.009794068475553752,0.0
2024-01-16,1.1861498140534237,0.8736863673985698,-0.009488181898979597,0.0
2024-01-17,1.173083246255754,0.874517639739353,-0.01101595063528893,0.0
2024-01-18,1.182741102315553,0.8851833865232624,0.008232882099906247,0.0
2024-01-19,1.1862759912892702,0.8845153926408633,0.00298872590696031,0.0
2024-01-22,1.1817942914542003,0.8911187394900043,-0.003777957126316789,0.0
2024-01-23,1.1864022648436174,0.8916272260879394,0.0038991332271092194,0.0
2024-01-24,1.1766181352294713,0.8956507154770736,-0.008246890539639895,0.0
2024-01-25,1.181289293555312,0.9109655775949831,0.003969986681303217,0.0
2024-01-26,1.180468659929806,0.9191728670093898,-0.0006946931881827156,0.0
2024-01-29,1.1888009807837114,0.9129247693778367,0.0070584854445867595,0.0
2024-01-30,1.1904421517162227,0.9183137732319314,0.0013805262268788976,0.0
2024-01-31,1.1895584294727934,0.9025863841706296,-0.0007423479101065222,0.0
2024-02-01,1.2019306371993042,0.8915059613321143,0.01040067256889099,0.0
2024-02-02,1.19056842527057,0.8761973353757169,-0.009453300862028224,0.0
2024-02-05,1.1840036452220237,0.8808607343333065,-0.005513988032274764,0.0
2024-02-06,1.190189700926029,0.8876237655973472,0.005224693124019186,0.0
2024-02-07,1.1898740651994113,0.8927865876388281,-0.0002651978305409086,0.0
2024-02-08,1.1888009807837114,0.910500735344982,-0.0009018470501077624,0.0
2024-02-09,1.1841930073942943,0.9104777166869514,-0.003876152075832917,0.0
2024-02-12,1.1810999313830415,0.91237377885165,-0.0026119694947860372,0.0
2024-02-13,1.1648141103382725,0.9125203266066549,-0.013788690196348319,0.0
2024-02-14,1.164119750267114,0.9037379396412335,-0.0005961123453055439,0.0
2024-02-15,1.171947073222131,0.9161298046305267,0.0067238125229136525,0.0
2024-02-16,1.1762394108849303,0.9211761425228014,0.0036625695484677756,0.0
2024-02-20,1.1833723737687887,0.9158194445366693,0.006064210073093879,0.0
2024-02-21,1.1834354623867118,0.921287267128104,5.331256612173263e-05,0.0
2024-02-22,1.1839404602856,0.9244343119962151,0.00042672195902415666,0.0
2024-02-23,1.1906315138884933,0.9128701860539844,0.005651511902278639,0.0
2024-02-26,1.1879803471582053,0.9190864327480797,-0.0022266895335479875,0.0
2024-02-27,1.186717900570235,0.9259069091775418,-0.0010626830578386315,0.0
2024-02-28,1.1888640694016346,0.9242664319639984,0.00180849115899262,0.0
2024-02-29,1.1949870364877162,0.9239382952495994,0.005150266749304189,0.0
2024-03-01,1.2175851867908374,0.9422807063075049,0.018910791174389097,0.0
2024-03-04,1.236348188631028,0.9414103206135822,0.01541001158994358,0.7649851805471443
2024-03-05,1.2366772391494183,0.9381101791076252,0.0002661471270117974,0.020332527920482957
2024-03-06,1.246919028823482,0.9475082506446487,0.00828169982420636,0.4945690204046554
2024-03-07,1.249796098522533,0.9488361044282385,0.0023073428446797805,0.0016661214942313707
2024-03-08,1.247313304816728,0.9444423479946746,-0.0019865590144984148,0.06137988068415812
2024-03-11,1.2516032438724223,0.94793172110755,0.0034393436189030643,0.01550251745627479
2024-03-12,1.243014569258596,0.9422615771411935,-0.006862138346056967,0.04146689955813243
2024-03-13,1.2635018068776767,0.9593789816799702,0.01648189661308663,0.12590812219210132
2024-03-14,1.2704595324281764,0.9675891604626509,0.00550670011916595,0.024792599483956013
2024-03-15,1.2689490532794547,0.9669978106802509,-0.00118892346443723,0.031849446205099496
2024-03-18,1.2840303182098283,0.9809224491087104,0.011884846670083155,0.02783363167195685
2024-03-19,1.2868159496703637,0.9839829890718002,0.002169443681375841,0.02375219973898754
2024-03-20,1.2844220189663949,0.9788295382328365,-0.0018603520609004787,0.007073991711792876
2024-03-21,1.2805058579687911,0.9753236697342502,-0.003048967504274923,0.0008419670380291622
2024-03-22,1.2740916342119184,0.9712917586374469,-0.0050091326931118825,0.08216775843169949
2024-03-25,1.2857444276398153,0.9811420075689289,0.009145961809179256,0.01104488265007103
2024-03-26,1.282627600110963,0.9778425056952716,-0.0024241423581928896,0.010537414249596533
2024-03-27,1.2888510669865758,0.9821693964556913,0.004852122997411233,0.00606746800541913
2024-03-28,1.3068680287521546,0.9961232511363591,0.01397908744235585,0.007968587008150618
2024-04-01,1.3202284031006957,1.0063906898605273,0.010223200854716633,0.0196657482532962
2024-04-02,1.3397600177860287,1.0212729133613705,0.014794117926459377,0.014165775511427003
2024-04-03,1.3488569075810595,1.0278637307889757,0.0067899397461222725,0.024734952949952704
2024-04-04,1.3564374725906994,1.035519355625621,0.005619991985090782,0.010845763638278605
2024-04-05,1.3676232214143906,1.0426964477377991,0.008246416845390922,0.04369707061927469
2024-04-08,1.36814513981909,1.0424580915189543,0.00038162440979872046,0.019964246787786077
2024-04-09,1.3610807212623235,1.036066305183906,-0.005163500823970127,0.034523448848710114
2024-04-10,1.3654029451708876,1.0409958996271063,0.0031755823450025557,0.005323463634822778
2024-04-11,1.371865517130645,1.0439981820038133,0.004733087754508037,0.07338845830021123
2024-04-12,1.3655807347643434,1.0398301419821177,-0.004581194211694076,0.05126511169319098
2024-04-15,1.3752187789377144,1.0469328794736974,0.007057835489334197,0.0192672870401962
2024-04-16,1.3723124591314118,1.044731420179833,-0.0021133508724680778,0.03758736568941501
2024-04-17,1.3416723187213702,1.0218114726878873,-0.02232737902083536,0.09230164624324833
2024-04-18,1.3410231653030629,1.0211427440093386,-0.0004838390188492359,0.012985648021827167
2024-04-19,1.343313809767323,1.0228297988308095,0.0017081319126521215,0.0011887269176825699
2024-04-22,1.3299744334184394,1.0133607937506661,-0.009930201157683536,0.07437212622564193
2024-04-23,1.341841154152909,1.0222145936060851,0.008922517934400055,0.002455788122856295
2024-04-24,1.338122950727286,1.019396794780446,-0.0027709713732622905,0.006771147927314092
2024-04-25,1.3497471343435725,1.0281967212306704,0.008686932400321324,0.007268150762490988
2024-04-26,1.3515743611973658,1.0296191534336425,0.0013537549421669347,0.00874918235178962
2024-04-29,1.341366082879039,1.0219765928486788,-0.0075528795243519735,0.006203981089426269
2024-04-30,1.3198760572617525,1.0055535682219563,-0.01602099970439202,0.02790549422754912
2024-05-01,1.2955336872468626,0.9881537686650781,-0.0184429211219962,0.06803948043814739
2024-05-02,1.2952608482982575,0.987986405510446,-0.00021059965579509838,0.021823489602979307
2024-05-03,1.2865538129552592,0.9813947665562435,-0.00672222537602192,0.02656134490810208
2024-05-06,1.2967675105466188,0.9891594740515635,0.007938803249821519,0.0025499660813690372
2024-05-07,1.2927094548979876,0.9860950325129483,-0.0031293625230637565,0.004271498312367894
2024-05-08,1.2977178668580862,0.9900149959512864,0.003874352385311283,0.0053009053353377245
2024-05-09,1.3092972569624013,0.9988007065389723,0.008922887169882422,0.019940523636859386
2024-05-10,1.2995406880194489,0.9909847927598471,-0.007451760011769961,0.024052864997524237
2024-05-13,1.3021175981582915,0.9936040910396706,0.0019829391742785616,0.042649727092549106
2024-05-14,1.2964370937156617,0.9882483111725302,-0.0043625126107383,0.004085707368820801
2024-05-15,1.3087188116230977,0.997451542539191,0.009473439140988952,0.06739083737211182
2024-05-16,1.310956558287734,0.9992857010193323,0.0017098758302871852,0.003259054863773425
2024-05-17,1.325642498612496,1.0103960818554065,0.01120246146366846,0.01831549808106142
2024-05-20,1.3253101451615892,1.0101623071366832,-0.00025071122210909157,0.081644344369454
2024-05-21,1.3173747159790132,1.0038204639232682,-0.005987601627850209,0.02013073143637678
2024-05-22,1.2953305597632283,0.9871303457686493,-0.01673339859069832,0.034109072134019036
2024-05-23,1.282003336942003,0.9773165911656516,-0.010288665484477965,0.05854917532719073
2024-05-24,1.2918474417033847,0.9847811874380876,0.007678688875227944,0.019402507133186087
2024-05-28,1.3219583572890239,1.0078400430181766,0.02330841445638202,0.06849162616129023
2024-05-29,1.306243967155777,0.9957332628380016,-0.011887205104911662,0.03218240067355227
2024-05-30,1.2958407110197654,0.9870521042338528,-0.00796425200620351,0.04836789678766451
2024-05-31,1.2861221236661358,0.9795608840957696,-0.007499831785637952,0.003044282800117981
2024-06-03,1.2580905281410877,0.9569730034829493,-0.02179543840295908,0.08892589586534405
2024-06-04,1.246484358918338,0.9480976129760316,-0.009225225818922943,0.0017058628646577922
2024-06-05,1.2611190981784681,0.9592105197689572,0.011740812594575671,0.0027690274792460112
2024-06-06,1.27891144813738,0.9735477191431362,0.014108381979632864,0.016811623033543277
2024-06-07,1.2563988007549063,0.9589511699612105,-0.01760297588645522,0.09208005953007803
2024-06-10,1.2859861410638431,0.9823504818349584,0.023549322310049275,0.04100150419499293
2024-06-11,1.2879258675110539,0.9837166770395188,0.0015083571939633882,0.0027418879824654407
2024-06-12,1.2946731866285912,0.9890910952585538,0.005238903331118515,0.0004468530518635938
2024-06-13,1.2885478628730838,0.9847219716033135,-0.004731173719182505,0.00949563109939211
2024-06-14,1.2985091004558922,0.9918338683085711,0.007730591831177827,0.015274824448408775
2024-06-17,1.3131388916239195,1.0044917442235892,0.011266606574332727,0.04185540245533509
2024-06-18,1.323856064701214,1.0132238722515103,0.008161492394792271,0.0038843321351660354
2024-06-20,1.3363118669749499,1.0224149208700393,0.009408728490847817,0.019482616496593108
2024-06-21,1.321093529538722,1.0112196192605027,-0.011388312722746458,0.0019773131711735004
2024-06-24,1.3331550414700317,1.0210739573885421,0.009129945504707089,0.03180812875381822
2024-06-25,1.3219966182547036,1.012062546110635,-0.008369936630194275,0.0037727936247332616
2024-06-26,1.3161582735334976,1.0083080207332271,-0.004416308363113619,0.033084487220141234
2024-06-27,1.3331646104252224,1.0215412518340983,0.012921194383459617,0.009618915716205323
2024-06-28,1.3297830730808484,1.0186905169283655,-0.0025364739792301154,0.011669418290415678
2024-07-01,1.3499930209857793,1.0353933624235874,0.015197928379482596,0.015805375609050487
2024-07-02,1.3462066360663976,1.0322969333877454,-0.0028047440694299363,0.11191870283306715
2024-07-03,1.3531816201863214,1.0375904244726477,0.00518121359162557,0.022296104281706364
2024-07-05,1.3594186184548624,1.0424252485628396,0.004609136109668882,0.002861318796444412
2024-07-08,1.3440156734918005,1.0306057518507274,-0.01133053847722732,0.0028060634762726022
2024-07-09,1.3361174678139507,1.0248133100663805,-0.005876572597795678,0.15990693080103585
2024-07-10,1.344221367384867,1.0314439762350622,0.006065259803971656,0.07167580040481447
2024-07-11,1.357652178606677,1.041313412924057,0.00999151742985546,0.03883159462471847
2024-07-12,1.3497966861087982,1.035147220885587,-0.005786086172631292,0.01205887664196198
2024-07-15,1.3498245477891242,1.0350594222700389,2.0641390375925278e-05,0.014623930063642432
2024-07-16,1.3486659317854195,1.0330795968125897,-0.000858345631365484,0.003747437860478764
2024-07-17,1.3611089535594596,1.0433699573301911,0.009226170455397666,0.017863025887754125
2024-07-18,1.3521377441070166,1.0364264554186853,-0.00659110310675877,0.014741984946615383
2024-07-19,1.3239272023587063,1.0146932891655334,-0.020863659690929737,0.012648993069674375
2024-07-22,1.3200599872048715,1.0116447489839404,-0.0029210179736053354,0.029205597673982786
2024-07-23,1.311915186016897,1.0048196381545151,-0.006170023534476365,0.00804115452758175
2024-07-24,1.3123434894166766,1.0053427583598717,0.00032647186673705555,0.0051774024794878915
2024-07-25,1.3119241624334081,1.0057456089569359,-0.000319525327515259,0.01334275591343026
2024-07-26,1.302328933534217,0.997752285142535,-0.0073138594241557294,0.0031492336002016397
2024-07-29,1.292143302529622,0.989694439085647,-0.007821089390184591,0.0063747367135730815
2024-07-30,1.2893077226014145,0.9870736290143408,-0.002194477905551541,0.08172374257908172
2024-07-31,1.332322973772155,1.0199627891725558,0.03336306020408333,0.14115390305631864
2024-08-01,1.3169276363174187,1.0073455863496596,-0.011555259316100994,0.01661814842111825
2024-08-02,1.2866924207548136,0.981961471848013,-0.02295890429268623,0.07416765393851293
2024-08-05,1.2782738867622363,0.9766085671306949,-0.00654277110580834,0.0023920063043424977
2024-08-06,1.2653567173209759,0.9670719670012133,-0.010105165704337804,0.6019020138462152
2024-08-07,1.2788363700732424,0.9857098508352162,0.010652847981718335,0.7657704557703839
2024-08-08,1.298898772483902,0.9967513576016024,0.015688013635013043,0.0
2024-08-09,1.3020879082649346,1.0041956586864471,0.0024552612171107047,0.0
2024-08-12,1.324411770255652,1.029674201481819,0.017144665770273848,0.0
2024-08-13,1.3223822960832197,1.0202577787251899,-0.001532358906807807,0.0
2024-08-14,1.3115972750178706,1.0089519236414137,-0.008155751250824572,0.0
2024-08-15,1.3157141754763868,1.0179803489987382,0.0031388449312386157,0.0
2024-08-16,1.345170040412679,1.0162268176905143,0.02238773852658915,0.0
2024-08-19,1.3429666214227822,0.9989095081512314,-0.0016380226467286318,0.0
2024-08-20,1.3478952938549695,0.9952284341836208,0.0036699887797402297,0.0
2024-08-21,1.3460977166136534,0.9845820608671058,-0.0013336178629832496,0.0
2024-08-22,1.3299781813675362,0.9888814144684214,-0.011975011209935604,0.0
2024-08-23,1.3453439852301436,1.0089485720741778,0.011553425520716143,0.0
2024-08-26,1.349634742029615,1.0286949225778514,0.0031893380775307456,0.0
2024-08-27,1.3532877601493893,1.018105266314155,0.002706671669018279,0.0
2024-08-28,1.343778393396453,1.0066983037236543,-0.007026862307456638,0.0
2024-08-29,1.3507364515245632,1.01949906405795,0.005177980359189593,0.0
2024-08-30,1.3411110920678144,0.9979106315135746,-0.0071260085162319076,0.0
2024-09-03,1.3353126955483043,0.9682693175762096,-0.0043235765879541255,0.0
2024-09-04,1.3361244675219752,0.9559024222294599,0.000607926500195255,0.0
2024-09-05,1.347257466698763,0.9610819358723472,0.008332306942507639,0.0
2024-09-06,1.337284217607085,0.9492177345690118,-0.007402630408956501,0.0
2024-09-09,1.3429086693091303,0.9529041529474045,0.004205876079289794,0.0
2024-09-10,1.3488229700559438,0.9344989067092188,0.004404097525005923,0.0
2024-09-11,1.3466775916562082,0.942048960273784,-0.001590555949419148,0.0
2024-09-12,1.3703350600729902,0.9650114898088875,0.017567284525531468,0.0
2024-09-13,1.3839612388079332,0.9675230322540567,0.009943683944142245,0.0
2024-09-16,1.3838453345806299,0.9760833090689425,-8.374817448153493e-05,0.0
2024-09-17,1.3761914087061522,0.9820279677206792,-0.0055309113549146804,0.0
2024-09-18,1.3655803324582676,0.9702316694267615,-0.007710465405288858,0.0
2024-09-19,1.3868024849540366,0.9931366320592351,0.01554075728197235,0.0
2024-09-20,1.4044296599201924,0.9981180083200611,0.012710660066880486,0.0
2024-09-23,1.4071548248859735,0.9933081603999736,0.0019404068737312041,0.0
2024-09-24,1.4268114740245617,1.0076224472889865,0.01396907347432852,0.0
2024-09-25,1.424839951965781,0.9924549768578715,-0.001381767735031958,0.0
2024-09-26,1.4320879476151684,0.9721348603544904,0.005086884066794806,0.0
2024-09-27,1.420723139983774,0.9811769889400436,-0.007935830791900744,0.0
2024-09-30,1.4093582438758703,0.9763550835799677,-0.007999374253898295,0.0
2024-10-01,1.4241441726959227,1.0000796191394332,0.010491249392624136,0.0
2024-10-02,1.4244341102172,1.0064642906798846,0.00020358719772617384,0.0
2024-10-03,1.4234483934260644,1.0334689051259023,-0.0006920058878576718,0.0
2024-10-04,1.420607147279961,1.0373987409740395,-0.001996030315693287,0.0
2024-10-07,1.4157944675515868,1.0623705430893884,-0.0033877625757333663,0.0
2024-10-08,1.4053573361211669,1.028803701051919,-0.007371925565205384,0.0
2024-10-09,1.3977034987231984,1.0212415135161184,-0.005446185963701722,0.0
2024-10-10,1.4079666853361539,1.046825207743999,0.007342892553628744,0.0
2024-10-11,1.4233324007222516,1.047706934782876,0.010913408354139564,0.0
2024-10-14,1.4210130775050513,1.0338368255252712,-0.001629502157067031,0.0
2024-10-15,1.4259416614607292,1.0073689255553055,0.003468359323146597,0.0
2024-10-16,1.433073664406304,1.0064748391384377,0.005001609209081437,0.0
2024-10-17,1.4416553549582658,1.010417156423226,0.00598831083503093,0.0
2024-10-18,1.456963118230712,1.0026384590780617,0.010618185005034864,0.0
2024-10-21,1.4566731807094346,1.010500662630411,-0.00019900127714245208,0.0
2024-10-22,1.4723867857304616,1.0297417928806556,0.01078732362833379,0.0
2024-10-23,1.4546437065370024,1.021318243094404,-0.012050555849465017,0.0
2024-10-24,1.4658346578274417,1.019723884311155,0.007693259346016168,0.0
2024-10-25,1.4688498487910095,1.0310374832975042,0.0020569789010425055,0.0
2024-10-28,1.4689078009046612,0.9954893971800989,3.945407605776552e-05,0.0
2024-10-29,1.4849113434469654,0.9919789634852308,0.010894858433216914,0.0
2024-10-30,1.493087103773837,1.0097362836183523,0.005505891218995584,0.0
2024-10-31,1.4699514698094485,1.0203387851036554,-0.015495166963743978,0.0
2024-11-01,1.4639211763588222,1.009051007253777,-0.0041023758773532926,0.0
2024-11-04,1.4660086026449062,1.0307804626516406,0.0014259144001700363,0.0
2024-11-05,1.4693136426532418,1.0347361808503646,0.002254447895034817,0.0
2024-11-06,1.4246660071483164,1.0218878518692536,-0.030386729020158154,0.0
2024-11-07,1.447569655705079,1.028708487654398,0.016076503855530166,0.0
2024-11-08,1.4377704399073747,1.0128493197939177,-0.006769426092267161,0.0
2024-11-11,1.404023729695102,0.9858725007036777,-0.02347155656813127,0.0
2024-11-12,1.3919051022036883,0.9809609396137244,-0.008631355179477884,0.0
2024-11-13,1.377872993243655,0.9786501345151555,-0.010081225320474285,0.0
2024-11-14,1.3742779272375325,0.9826582449194915,-0.0026091417886487944,0.0
2024-11-15,1.3718426113165194,0.9687596747515952,-0.0017720694429753658,0.0
2024-11-18,1.3979353956543146,0.9960225109917119,0.019020246289590537,0.0
2024-11-19,1.4104599533708186,1.0005571850148556,0.008959325127211537,0.0
2024-11-20,1.4184037282900643,0.999502215697469,0.005632045702723465,0.0
2024-11-21,1.43023250673671,1.012887915865629,0.008339500390982302,0.0
2024-11-22,1.4486713652000276,1.024938253471397,0.012892210445830665,0.0
2024-11-25,1.4059951632773733,0.9963882527646615,-0.029458856541118794,0.0
2024-11-26,1.4087204167196639,0.992832563678052,0.0019383092584315254,0.0
2024-11-27,1.4118516003870445,0.9947635990868062,0.002222714763140843,0.0
2024-11-29,1.42402817999211,0.997572825645606,0.008624546377060671,0.0
2024-12-02,1.411561662865767,0.9893776984074574,-0.008754403389975018,0.0
2024-12-03,1.414402820535361,1.007694234318462,0.002012776164397767,0.0
2024-12-04,1.4186936658113416,0.9983685780335152,0.003033679807253664,0.0
2024-12-05,1.40819858226727,0.992634296252735,-0.007397709454119217,0.0
2024-12-06,1.4087204167196636,0.9816888369893418,0.0003705687954560499,0.0
2024-12-09,1.4226945735660452,0.9934052888490875,0.009919751769426055,0.0
2024-12-10,1.4414233695506402,0.999064320164601,0.01316431251835759,0.0
2024-12-11,1.4551656294659052,1.018744203560606,0.009533812345188464,0.0
2024-12-12,1.4338274842663234,1.0129787295075423,-0.014663722649505995,0.0
2024-12-13,1.416490246821445,1.0175169508472226,-0.012091578404740733,0.0
2024-12-16,1.419911368010103,1.0135037585426654,0.002415209844427002,0.0
2024-12-17,1.414460861125522,1.0079773987345102,-0.0038386247250202787,0.0
2024-12-18,1.3873243194064302,0.9975955367632602,-0.01918507783771317,0.0
2024-12-19,1.3892958414652108,0.9953109303120939,0.0014210967336203417,0.0
2024-12-20,1.4037918327639858,1.0031784920369695,0.010434056495473909,0.0
2024-12-23,1.3971816642708046,1.0013067143235903,-0.004708795377563968,0.0
2024-12-24,1.3999648698267468,1.006947581885724,0.001992014086009908,0.0
2024-12-26,1.4094162844660312,1.0054770355283051,0.006751179863859091,0.0
2024-12-27,1.399732884419121,1.00967154593367,-0.0068705038771271765,0.0
2024-12-30,1.3952681828021851,1.0163126527983255,-0.0031896811646235923,0.0
2024-12-31,1.4039657775814502,1.0220694297158852,0.006233636577161361,0.0
2025-01-02,1.4230424632009744,1.0407706009570887,0.013587714119632333,0.0
2025-01-03,1.4118516003870445,1.0457904304683674,-0.007864039973028869,0.0
2025-01-06,1.4088184945608573,1.04089663306796,-0.0021483177306705677,0.9162217719465903
2025-01-07,1.419422326281082,1.0509270532442696,0.007526755051245948,0.6818828787902406
2025-01-08,1.4114282618703053,1.0449543499626401,-0.0056319139573641,0.030179861719350165
2025-01-10,1.4567702900324553,1.0793927370133218,0.03212492578408944,0.15597891756899024
2025-01-13,1.464578376821666,1.0880433046438291,0.005359861360871551,0.014982590560661146
2025-01-14,1.4615561100582861,1.084591738284186,-0.0020635746172484215,0.037634245490755225
2025-01-15,1.4913223557218143,1.109489453598104,0.020366132684663713,0.060196948739643985
2025-01-16,1.4842362941550071,1.1008052882921817,-0.004751529097394565,0.010412794924830993
2025-01-17,1.4756682210894547,1.094322195689304,-0.005772714964115794,0.003375750370974262
2025-01-21,1.4742882009964722,1.0884870374895403,-0.0009351831754998356,0.07629754036762298
2025-01-22,1.4728554964509786,1.0849408009044095,-0.0009717940796957122,0.0033136453854696324
2025-01-23,1.462009445509672,1.0745317804122942,-0.0073639613440976024,0.027532393295765706
2025-01-24,1.4699121628864629,1.079997143315354,0.005405380519984237,0.010125697602713618
2025-01-27,1.4485268944030385,1.0623410944233174,-0.014548671018158012,0.017447708159306463
2025-01-28,1.4612448712618973,1.0717922983959125,0.008779938369111227,0.006416688732113707
2025-01-29,1.4503321068922703,1.0622215617472655,-0.007468128432302428,0.018566743764151183
2025-01-30,1.4621994529482965,1.0677897402685146,0.008182502476246743,0.027115300349647015
2025-01-31,1.4660475768741041,1.0708744211862515,0.0026317366745339885,0.0012220605729425238
2025-02-03,1.4678199031935573,1.0704907687722074,0.0012089145996421256,0.00770800320868309
2025-02-04,1.4748233574013192,1.0733877270977763,0.004771330728330078,0.01506504436409628
2025-02-05,1.4675090865074034,1.0630778929236993,-0.00495942165358955,0.018377423388046155
2025-02-06,1.460698184600253,1.0571901835011719,-0.004641130995215893,0.016052539471941296
2025-02-07,1.4655045044211736,1.0613546185641536,0.00329042636705678,0.0036905165857214206
2025-02-10,1.4920903986823573,1.0813549497808785,0.018141120809235623,0.1348090507431707
2025-02-11,1.499136517163897,1.0886002643076285,0.004722313398546188,0.020289513515578145
2025-02-12,1.4801681013514418,1.070971704653401,-0.012652894246309278,0.032749698229516705
2025-02-13,1.4879934026885584,1.075283983210397,0.005286765286977713,0.09740269581592959
2025-02-14,1.4726455173412782,1.0651856857975912,-0.010314484808567741,0.07843737331247547
2025-02-18,1.4951996023983245,1.0813873237432572,0.015315352399106431,0.013852036337201001
2025-02-19,1.5004472098234645,1.0856223279399813,0.0035096367178820793,0.011551165247660033
2025-02-20,1.504219506394154,1.0886487531394229,0.002514114822562148,0.0012280743404562977
2025-02-21,1.4770611348279516,1.066530401310489,-0.018054792834926732,0.05573029212064151
2025-02-24,1.4868160746277386,1.0738393082424662,0.0066042898088461,0.004382466945871577
2025-02-25,1.4586437554660396,1.0522714644384126,-0.018948086210833222,0.005005517056609121
2025-02-26,1.4560080893893321,1.0497246848660722,-0.0018069292565993018,0.007356170614514379
2025-02-27,1.460557276226534,1.0566881047346535,0.0031244241500814405,0.023535750035999004
2025-02-28,1.4548710233642668,1.0530363606562534,-0.003893207719287757,0.018860363904556476
2025-03-03,1.4432395848373323,1.0405333254601652,-0.007994824517184883,0.007644787361017036
2025-03-04,1.4470020819207752,1.0420894385693589,0.0026069802429005287,0.005007079105993184
2025-03-05,1.4283836995076156,1.0258036387794303,-0.012866866361688533,0.034213270716579536
2025-03-06,1.4231221483475796,1.0223197410608382,-0.003683569871211694,0.012251696656399802
2025-03-07,1.434218678887674,1.0318595467367586,0.00779731420312641,0.015895600713525304
2025-03-10,1.416098409982896,1.0179075225635148,-0.012634244115989046,0.007079571722081124
2025-03-11,1.429799036072773,1.0272975970033171,0.00967491100427314,0.0006157135337342412
2025-03-12,1.4450696545503974,1.041080228024141,0.010680255121424724,1.0945871485865415
2025-03-13,1.4707285201827651,1.0361690090664253,0.017756144523255468,0.0
2025-03-14,1.4713164553060687,1.0428432384336952,0.00039975774946587883,0.0
2025-03-17,1.4792814753935544,1.049419249869237,0.0054135329342379634,0.0
2025-03-18,1.4965475834541686,1.0491890848443939,0.011671955843306048,0.0
2025-03-19,1.502694963934593,1.0528412762555779,0.004107707999658539,0.0
2025-03-20,1.5007706346575427,1.0646132268176285,-0.0012805854303336028,0.0
2025-03-21,1.4886895793047759,1.0621645319228104,-0.008049901213267985,0.0
2025-03-24,1.4820611165050888,1.070573642892643,-0.004452548665506595,0.0
2025-03-25,1.4885827265007345,1.071739769790051,0.004400365088198743,0.0
2025-03-26,1.4873531851510289,1.0773882258021656,-0.0008259812019960622,0.0
2025-03-27,1.5072922446531882,1.0828423872372142,0.013405732882559862,0.0
2025-03-28,1.5184644802024245,1.078804549386674,0.007412123023167849,0.0
2025-03-31,1.5402745241466398,1.1073629309425306,0.014363222998346137,0.0
2025-04-01,1.537227506323925,1.1043715400094922,-0.0019782303576065807,0.0
2025-04-02,1.5403813769506811,1.1112456854934887,0.0020516615880092903,0.0
2025-04-03,1.5310801258435007,1.0576189294522986,-0.006038278082531101,0.0
2025-04-04,1.4952646972694685,1.0096131234553574,-0.02339226273628292,0.0
2025-04-07,1.4631377296105013,0.9833809134322352,-0.02148580630415131,0.0
2025-04-08,1.471102749697987,0.959343504410943,0.005443793790763651,0.0
2025-04-09,1.5255206804863801,1.0114259798201177,0.03699125081478161,0.0
2025-04-10,1.5627793560182002,0.998756446514799,0.0244235794430141,0.0
2025-04-11,1.5926076017508437,1.0164424732104793,0.019086664805096243,0.0
2025-04-14,1.5835202193857973,1.0172876186859456,-0.005705977012200658,0.0
2025-04-15,1.591805797885406,1.0172706785326582,0.005232379352138938,0.0
2025-04-16,1.6436044483353522,1.041303685952636,0.0325408102664011,0.0
2025-04-17,1.6363878872783095,1.0565774132707404,-0.004390692094044635,0.0
2025-04-21,1.6870105043475967,1.0583658182556115,0.03093558529908469,0.0
2025-04-22,1.6630622623841973,1.0606387800718333,-0.014195668551963636,0.0
2025-04-23,1.6231843065139304,1.039264377839606,-0.023978630729734163,0.0
2025-04-24,1.646811826931155,1.0482775501210182,0.014556277018207942,0.0
2025-04-25,1.6289576206131853,1.0494139474854922,-0.010841679678267213,0.0
2025-04-28,1.652157403546142,1.0416913824763994,0.01424210344049559,0.0
2025-04-29,1.636067165732135,1.0204115920661647,-0.009738925467677184,0.0
2025-04-30,1.623825749606281,0.9942170964954238,-0.007482221012837353,0.0
2025-05-01,1.5900951742164384,0.9972140048057352,-0.02077228754256477,0.0
2025-05-02,1.5928749784620249,0.9935189452522794,0.0017481999132260562,0.0
2025-05-05,1.640450577708597,0.9874333117149362,0.029867754776654154,0.0
2025-05-06,1.6864225692242938,1.0192722664608764,0.02802400275899264,0.0
2025-05-07,1.6611379331071476,1.0027678277013583,-0.014993060801348546,0.0
2025-05-08,1.6284230303248768,1.0172549562251632,-0.0196942722998793,0.0
2025-05-09,1.640236708966463,1.0296398135267597,0.007254674259445482,0.0
2025-05-12,1.5939975038736374,1.0306502919728413,-0.028190568373488878,0.0
2025-05-13,1.6007863274464118,1.0512281697138186,0.004258992599597278,0.0
2025-05-14,1.5671092600256158,1.0354254246201098,-0.021037827999516923,0.0
2025-05-15,1.5921265194315817,1.029637668457506,0.015963953531585195,0.0
2025-05-16,1.5728824109908188,1.0312081789746297,-0.012087047232674286,0.0
2025-05-19,1.593142192039153,1.0390717359096953,0.012880671121226372,0.0
2025-05-20,1.6228100769987088,1.0469034126996493,0.0186222454642182,0.0
2025-05-21,1.6347842795474345,1.0394004322275463,0.007378683875855163,0.0
2025-05-22,1.6202976494643029,1.031121593512606,-0.008861493387459118,0.0
2025-05-23,1.6557923564921602,1.0469152594649862,0.021906288045034472,0.0
2025-05-27,1.6277280792634796,1.0339349796166029,-0.016949152542372836,0.0
2025-05-28,1.6240396183484145,1.0384272679405975,-0.0022660178699712707,0.0
2025-05-29,1.63366159100177,1.0331247043292002,0.0059247154716217665,0.0
2025-05-30,1.622917092936802,1.0279901070396888,-0.006576942326457891,0.0
2025-06-02,1.666055935371918,1.0618152911682273,0.026581051258171673,0.0
2025-06-03,1.6513020917116579,1.0629474988064949,-0.008855551213511115,0.0
2025-06-04,1.6619397369725848,1.0586602850366174,0.006441974072654677,0.0
2025-06-05,1.653547142534883,1.062164972494837,-0.00504987891618125,0.0
2025-06-06,1.6313630322094983,1.0714604250014361,-0.013416073696802311,0.0
2025-06-09,1.6390606755858037,1.0792531066748776,0.004718534884218695,0.0
2025-06-10,1.6395417579050662,1.0754845353109874,0.000293510988597534,0.0
2025-06-11,1.6484154346620308,1.1085835439022387,0.005412290790508978,0.0
2025-06-12,1.6688890844524993,1.1146810069831978,0.0124202002480438,0.0
2025-06-13,1.6907524732317092,1.170297023936769,0.013100564311248064,0.0
2025-06-16,1.666643870495222,1.1499513238821137,-0.01425909653729851,0.0
2025-06-17,1.667499182329706,1.1861232899538723,0.0005131941200071655,0.0
2025-06-18,1.6585186527687008,1.1836084620073617,-0.005385627565021256,0.0
2025-06-20,1.6578237017073043,1.1920986443544133,-0.00041901914110908933,0.0
2025-06-23,1.661997671431904,1.1316033136045673,0.002517740408887508,0.545432049424161
2025-06-24,1.6220838619418545,1.0911186341877652,-0.024015562823058313,0.41241825880267924
2025-06-25,1.6261107558900887,1.0935188043270077,0.0024825436234927156,0.028940454064473792
2025-06-26,1.6275411269238436,1.0960059376071607,0.0008796270663443984,0.00046257613647157636
2025-06-27,1.6060051646172884,1.0853528345415986,-0.01323220774596308,0.034357595788908846
2025-06-30,1.6175341582392946,1.0898436255474018,0.007178677800051447,0.012045632449044219
2025-07-01,1.6333192904605127,1.1011422633211292,0.009758762830950323,0.06145849230081221
2025-07-02,1.6532388164338865,1.11999497044311,0.012195733001939638,0.010189317228106592
2025-07-03,1.6433355754833423,1.1139887832003088,-0.005990205923126101,0.0012359692052071325
2025-07-07,1.6539848077643668,1.1260692512371413,0.006480254209729643,0.004292707974548171
2025-07-08,1.6475321571890087,1.1273337179455645,-0.0039012756012432484,0.006996316535837349
2025-07-09,1.651721369487312,1.1285008290871386,0.0025427195942876106,0.0003538092568372564
2025-07-10,1.6426375363821923,1.1154405170175374,-0.005499615899465834,0.004358280538715953
2025-07-11,1.6677721779695884,1.137614847456749,0.015301392443979833,0.024086174725560294
2025-07-14,1.6507671934803958,1.1205614487573994,-0.010196227466688738,0.028281310344157234
2025-07-15,1.6435154285380185,1.1155074519120245,-0.004392966477052424,0.041370448403713844
2025-07-16,1.6477573525110685,1.1165238493742433,0.00258100648122505,0.0208368191167195
2025-07-17,1.653220699455268,1.124958626530204,0.0033156258935054138,0.045534147557820676
2025-07-18,1.6534677751121603,1.1233270791691878,0.0001494511029129838,0.0027577627344842204
2025-07-21,1.666269542705101,1.126420227150579,0.007742375016696211,0.04841317416002053
2025-07-22,1.6725965076659752,1.1274272087931683,0.0037970837242830946,0.20724351859682588
2025-07-23,1.662337991819996,1.1225420098406207,-0.006133287854519274,0.13194023695193063
2025-07-24,1.6675862116912794,1.1273742493693781,0.0031571316405620744,0.003322694637433121
2025-07-25,1.6460918427918556,1.1123475363138475,-0.012889509848863478,0.00973807451453651
2025-07-28,1.672026940125104,1.1331694567616215,0.015755559112219014,0.11259655770950328
2025-07-29,1.7033868649343369,1.1590300275910752,0.018755633690260218,0.07734863763152741
2025-07-30,1.7005835227702608,1.163436973347216,-0.0016457460262170244,0.0384780838188849
2025-07-31,1.6909252818644256,1.1526076855793568,-0.005679368744030787,0.0024053182013989705
2025-08-01,1.6835551233657964,1.1392648099543272,-0.004358654150881647,0.022362048968304238
2025-08-04,1.6743616529626886,1.129579928224766,-0.005460748077394745,0.0021870037956605026
2025-08-05,1.6627140332930035,1.1194304456176014,-0.0069564539113013,0.024758433014975878
2025-08-06,1.6477342334459801,1.1070664720308592,-0.009009246056194067,0.00888358196954453
2025-08-07,1.6501263206639856,1.106339223538513,0.001451743351233673,0.020228314238069756
2025-08-08,1.6499742163282576,1.1062790917753573,-9.217738898112267e-05,0.022334426742352642
2025-08-11,1.6439903688465116,1.105365591008402,-0.0036266309027918643,0.04563991778104559
2025-08-12,1.6342663875034755,1.097686000149882,-0.005914865152074384,0.0059834519439838085
2025-08-13,1.6310370645569934,1.0943561516494427,-0.001976007688327475,0.003202067901771577
2025-08-14,1.6424196792217403,1.1050885264738026,0.006978759043614185,0.0043840154798850395
2025-08-15,1.6315325442220494,1.0960380919052224,-0.006628716848333014,0.0069095683452859435
2025-08-18,1.6357508927790454,1.099929678008327,0.0025855129717975898,0.04080831806266788
2025-08-19,1.6221914443693002,1.0899786961158848,-0.008289433598723911,0.021065478543589256
2025-08-20,1.6438385095830579,1.1056013322497602,0.013344334473526853,0.014632730944280525
2025-08-21,1.6482378118234857,1.1107149036093504,0.002676237486092116,0.0032454681348641212
2025-08-22,1.6618736379744985,1.1190704351623841,0.008272972536606837,0.01361681909916948
2025-08-25,1.671627517699017,1.1285246537457332,0.005869206600091821,0.03408542196524328
2025-08-26,1.6581518328594556,1.1149593922059897,-0.008061416013365665,0.05774547392813584
2025-08-27,1.6663667851855284,1.1212246081246326,0.004954282330048313,0.05612542083594768
2025-08-28,1.6788388333993602,1.1296463298332797,0.0074845756196726355,0.008414959362457286
2025-08-29,1.6823887697497513,1.1299169503389503,0.002114518844672517,0.020107434070154195
2025-09-02,1.7238434788191608,1.158173531034569,0.024640386226291625,0.07435716312222945
2025-09-03,1.7064398213512644,1.142552673544477,-0.01009584552294621,0.0251194117183825
2025-09-04,1.6941489829082184,1.1336752971559236,-0.007202620502206349,0.016217440504897762
2025-09-05,1.6860768560859924,1.1241619775862528,-0.004764708950430729,0.009692188931524126
2025-09-08,1.7003067549199116,1.1329548271355516,0.008439650175231052,0.00768748646825651
2025-09-09,1.7031404734387472,1.1358126544612452,0.0016665925196358128,0.05509946831839907
2025-09-10,1.7223523193115235,1.1509512589450734,0.011280247385576278,0.01775943919709999
2025-09-11,1.7017906742008757,1.1337811656157786,-0.01193811793330809,0.021522595744284306
2025-09-12,1.709086710592424,1.1394274063010459,0.004287270169096563,0.008545391799931135
2025-09-15,1.7274163288770827,1.1518086361412583,0.010724803002128178,0.008239597027271645
2025-09-16,1.7444691633497347,1.1660971163783662,0.009871872916552447,0.022073566177901655
2025-09-17,1.7295864864066577,1.1558474230949467,-0.008531349969236103,0.014290489428197911
2025-09-18,1.7223261911139096,1.1509731792006876,-0.004197705838828447,0.02136758913041456
2025-09-19,1.7178369247237153,1.1434798452596096,-0.0026065134545105464,0.016834658792428348
2025-09-22,1.7319277736236207,1.1495862528269163,0.00820266970461792,0.02757472239508893
2025-09-23,1.7539183813529646,1.1670482722029374,0.012697185219989878,0.02676994467194027
2025-09-24,1.760700615126177,1.1764551847462228,0.0038669038681154056,0.05434977489149162
2025-09-25,1.7714409683688683,1.1842037231468399,0.006100045147040308,0.0016702540557648748
2025-09-26,1.7762376505913637,1.1865097263200828,0.002707785530619134,0.0009906514097735575
2025-09-29,1.7613258760485586,1.1691617895073743,-0.00839514607622498,0.030730398120374508
2025-09-30,1.7590526143755658,1.164376067527614,-0.0012906536512668088,0.034127062987145046
2025-10-01,1.752622555757852,1.1581607888448295,-0.0036554100571893986,0.0261930826914204
2025-10-02,1.7311969802634657,1.1409793034764304,-0.01222486577272295,0.021508732908850886
2025-10-03,1.7403373603766732,1.1459801886056704,0.0052798036372594375,0.002863026697210891
2025-10-06,1.7713229369070507,1.1660119588207862,0.017804350602271132,0.021766658386987936
2025-10-07,1.7794731831103276,1.1712125531724233,0.00460121981907382,0.009136737694487612
2025-10-08,1.7984014686556717,1.1816304108127191,0.010637016463636404,0.046418022640821066
2025-10-09,1.7687246657493152,1.1628730914144065,-0.016501767499411797,0.09785974869190023
2025-10-10,1.7344527358950312,1.1354463531505916,-0.019376633637754288,0.07872779396290397
2025-10-13,1.7659686226401852,1.154546506897938,0.018170507672491207,0.03947240402729857
2025-10-14,1.7516474797874175,1.1420207297861131,-0.00810951149933629,0.009964099634361512
2025-10-15,1.7647240820917052,1.1485635359749249,0.007465316198139787,0.008984987157732605
2025-10-16,1.7651185361831367,1.1445995369484059,0.00022352167992409724,0.5438366939899024
2025-10-17,1.747373775546626,1.1396128147325915,-0.010053013592436478,0.07092154692310004
2025-10-20,1.7798660701307338,1.1509670376746501,0.018594930883601767,0.057837559472388056
2025-10-21,1.7223726018226453,1.1312871638889868,-0.032302131757512335,0.9298692308220469
2025-10-22,1.722555269682353,1.1561090954559328,0.00010605594835544352,0.0
2025-10-23,1.7294495532051082,1.1846091655977913,0.004002358382396931,0.0
2025-10-24,1.723650998171095,1.1834895053095031,-0.0033528327110016187,0.0
2025-10-27,1.6756653636382506,1.1709916406019605,-0.027839530498784404,0.0
2025-10-28,1.6636574947216978,1.1508110589567226,-0.007166030388359279,0.0
2025-10-29,1.6573567772419284,1.1549910904777074,-0.0037872684129753864,0.0
2025-10-30,1.6899103913309017,1.1608895759950617,0.01964188672951095,0.0
2025-10-31,1.6807332472334333,1.1676083740402958,-0.005430550723012573,0.0
2025-11-03,1.6837466399122252,1.1705878896703925,0.0017929035935666526,0.0
2025-11-04,1.6542521203006586,1.1555938577294351,-0.017517195825319742,0.0
2025-11-05,1.6733825030635372,1.1506399691666729,0.011564369498527016,0.0
2025-11-06,1.6713735746110092,1.1492374142346238,-0.0012005195756799036,0.0
2025-11-07,1.6816007453986046,1.1549553211977468,0.006119021470095687,0.0
2025-11-10,1.727577590813673,1.170394415413523,0.02734111859838051,0.0
2025-11-11,1.7343804707391983,1.1833126529074345,0.003937814406542062,0.0
2025-11-12,1.76232266188013,1.1594557725097967,0.016110762091908537,0.0
2025-11-13,1.7480776341874786,1.15814689108604,-0.008083098515826892,0.0
2025-11-14,1.7165284843247692,1.1679520917295363,-0.018047911171504505,0.0
2025-11-17,1.6968502373175198,1.1621257229090416,-0.011463979297139493,0.0
2025-11-18,1.7091777401548731,1.1766105077099962,0.007264932736103624,0.0
2025-11-19,1.7119627631753425,1.1599080527690875,0.0016294519610446923,0.0
2025-11-20,1.7114606007295865,1.152753630174872,-0.0002933255655774847,0.0
2025-11-21,1.7088124044354578,1.1432396119893051,-0.0015473311468576778,0.0
2025-11-24,1.7358872367459701,1.1615828092456166,0.01584423909859023,0.0
2025-11-25,1.7353392331668474,1.1488815796458218,-0.00031569077041548876,0.0
2025-11-26,1.7492190644748353,1.1603417505803648,0.007998338908444147,0.0
2025-11-28,1.7709519417332273,1.175532385359249,0.012424331348639184,0.0
2025-12-01,1.7794898179890952,1.1776350136050155,0.004821066034977672,0.0
2025-12-02,1.7680298133169134,1.1655149825498827,-0.006440050713598433,0.0
2025-12-03,1.7663862205838008,1.1699904910707588,-0.0009296182229129313,0.0
2025-12-04,1.7675276508711575,1.1770957049723316,0.0006461951944911615,0.0
2025-12-05,1.764377292131273,1.1822644687143682,-0.0017823532991587676,0.0
2025-12-08,1.7597203067193683,1.1654880438203623,-0.002639449868615862,0.0
2025-12-09,1.7687603454209921,1.1613175249599879,0.005137202012788666,0.0
2025-12-10,1.776293757450596,1.1706539898397017,0.004259147967166088,0.0
2025-12-11,1.795424140213474,1.1605716210798183,0.010769830543307712,0.0
2025-12-12,1.8054687824761138,1.1582346462447732,0.005594579039939429,0.0
2025-12-15,1.8071123752092264,1.14864092059577,0.0009103412637567754,0.0
2025-12-16,1.8075234127272566,1.1294213902524564,0.00022745542760316262,0.0
2025-12-17,1.8230468367683572,1.152779707018485,0.008588228474273762,0.0
2025-12-18,1.81975951196738,1.1430779137570468,-0.0018032036998043566,0.0
2025-12-19,1.8218140028837708,1.1531069612071778,0.0011289903434381632,0.0
2025-12-22,1.863864394991013,1.1808042805920647,0.02308160549906857,0.0
2025-12-23,1.8885649631295824,1.1917150856791667,0.013252341857567629,0.0
2025-12-24,1.8807574796430413,1.188541570390503,-0.004134082564786756,0.0
2025-12-26,1.902718587225004,1.1749051060016638,0.011676735474757116,0.0
2025-12-29,1.819896478028473,1.169618323340823,-0.0435283019531133,0.0
2025-12-30,1.8212205761755371,1.1713147966293445,0.0007275678386380324,0.0
2025-12-31,1.8094409375825549,1.1628043504394048,-0.006467991163222386,0.0
2026-01-02,1.8127282623835324,1.1612646963792141,0.0018167626987424246,0.0
